a	ə
ab	æb
abc	eɪbiːsiː
ability	əbɪlətiː
able	eɪbəl
about	əbaʊt
above	əbʌv
abroad	əbɹɔːd
absence	æbsəns
absolute	æbsəluːt
absolutely	æbsəluːtliː
abstract	æbstɹækt
abuse	əbjuːs
ac	eɪsiː
academic	ækədɛmɪk
academy	əkædəmiː
acc	aɪsiːsiː
accept	æksɛpt
acceptable	æksɛptəbəl
acceptance	æksɛptəns
accepted	æksɛptɪd
access	æksɛs
accessibility	æksɛsəbɪlɪtiː
accessible	æksɛsəbəl
accessories	æksɛsəiːz
accessory	æksɛsəiː
accident	æksədənt
accommodation	əkɑːmədeɪʃən
accordance	əkɔːdəns
according	əkɔːdɪŋ
account	əkaʊnt
accounting	əkaʊntɪŋ
accounts	əkaʊnts
accuracy	ækjəəsiː
accurate	ækjəət
achieve	ətʃiːv
achieved	ətʃiːvd
achievement	ətʃiːvmənt
acid	æsəd
acquisition	ækwəzɪʃən
acres	eɪkəz
acrobat	ækɹəbæt
across	əkɹɔːs
act	ækt
acting	æktɪŋ
action	ækʃən
actions	ækʃənz
active	æktɪv
activities	æktɪvətiːz
activity	æktɪvətiː
actor	æktə
acts	ækts
actual	æktʃəwəl
actually	æktʃuːəliː
ad	æd
adam	ædəm
adams	ædəmz
adapter	ədæptə
add	æd
added	ædəd
adding	ædɪŋ
addition	ədɪʃən
additional	ədɪʃənəl
address	ædɹɛs
addressed	ədɹɛst
addresses	ædɹɛsɪz
adds	ædz
adequate	ædəkwət
admin	ædmɪn
administration	ædmɪnɪstɹeɪʃən
administrative	ədmɪnəstɹeɪtɪv
administrator	ədmɪnəstɹeɪtə
admission	ædmɪʃən
admissions	ædmɪʃənz
adobe	ədəʊbiː
adopted	ədɑːptɪd
adoption	ədɑːpʃən
ads	ædz
adult	ədʌlt
adults	ədʌlts
advance	ədvæns
advanced	ədvænst
advantage	ædvæntɪdʒ
adventure	ædvɛntʃə
adventures	ædvɛntʃəz
advertise	ædvətaɪz
advertisement	ædvɜːtəzmənt
advertising	ædvətaɪzɪŋ
advice	ædvaɪs
advisor	ædvaɪzə
advisory	ædvaɪzəiː
affairs	əfɛz
affect	əfɛkt
affected	əfɛktɪd
affiliate	əfɪliːeɪt
affiliates	əfɪliːəts
affordable	əfɔːdəbəl
afghanistan	æfɡænəstæn
africa	æfɹəkɑː
african	æfɹəkən
after	æftə
afternoon	æftənuːn
ag	æɡ
again	əɡɛn
against	əɡɛnst
age	eɪdʒ
aged	eɪdʒd
agencies	eɪdʒənsiːz
agency	eɪdʒənsiː
agenda	ədʒɛndə
agent	eɪdʒənt
agents	eɪdʒənts
ages	eɪdʒəz
ago	əɡəʊ
agree	əɡɹiː
agreed	əɡɹiːd
agreement	əɡɹiːmənt
agreements	əɡɹiːmənts
agricultural	æɡɹəkʌltʃəəl
agriculture	æɡɹɪkʌltʃə
ah	ɑː
ahead	əhɛd
aid	eɪd
aids	eɪdz
aim	eɪm
air	ɛ
aircraft	ɛkɹæft
airline	ɛlaɪn
airlines	ɛlaɪnz
airport	ɛpɔːt
al	æl
alabama	æləbæmə
alan	ælən
alarm	əlɑːm
alaska	əlæskə
albert	ælbət
alberta	ælbɜːtə
album	ælbəm
albums	ælbəmz
alcohol	ælkəhɑːl
alert	əlɜːt
alerts	əlɜːts
alex	æləks
alexander	æləɡzændə
algorithm	ælɡəɪðəm
alive	əlaɪv
all	ɔːl
allen	ælən
alliance	əlaɪəns
allocated	æləkeɪtɪd
allow	əlaʊ
allowed	əlaʊd
allowing	əlaʊɪŋ
allows	əlaʊz
almost	ɔːlməʊst
alone	ələʊn
along	əlɔːŋ
alpha	ælfə
already	ɔːlɹɛdiː
also	ɔːlsəʊ
alternate	ɔːltənət
alternative	ɔːltɜːnətɪv
although	ɔːlðəʊ
aluminum	əluːmənəm
alumni	əlʌmnaɪ
always	ɔːlweɪz
am	æm
amateur	æmətɜː
amazing	əmeɪzɪŋ
amazon	æməzɑːn
amd	eɪɛmdiː
amended	əmɛndɪd
amendment	əmɛndmənt
america	əmɛɹəkə
american	əmɛɹəkən
americans	əmɛɹəkənz
among	əmʌŋ
amount	əmaʊnt
amounts	əmaʊnts
amp	æmp
amsterdam	æmstədæm
an	æn
anal	eɪnəl
analog	ænəlɔːɡ
analysis	ənæləsəs
analyst	ænəlɪst
ancient	eɪntʃənt
and	ənd
anderson	ændəsən
andrew	ændɹuː
andy	ændiː
angel	eɪndʒəl
angeles	ændʒəlɪs
angels	eɪndʒəlz
angle	æŋɡəl
animal	ænəməl
animals	ænəməlz
animation	ænəmeɪʃən
anime	ænɪmeɪ
ann	æn
anna	ænə
anne	æn
anniversary	ænəvɜːsəiː
annotation	ænəteɪʃən
announced	ənaʊnst
announcement	ənaʊnsmənt
announcements	ənaʊnsmənts
annual	ænjuːəl
anonymous	ənɑːnəməs
another	ənʌðə
answer	ænsə
answers	ænsəz
anthony	ænθəniː
anti	æntiː
antique	æntiːk
antiques	æntiːks
antonio	æntəʊniːəʊ
any	ɛniː
anyone	ɛniːwʌn
anything	ɛniːθɪŋ
anytime	ɛniːtaɪm
anyway	ɛniːweɪ
anywhere	ɛniːwɛ
aol	eɪəʊɛl
ap	eɪpiː
apache	əpætʃiː
apart	əpɑːt
apartment	əpɑːtmənt
apartments	əpɑːtmənts
api	eɪpiːaɪ
apparel	əpæɹəl
apparently	əpɛɹəntliː
appeal	əpiːl
appear	əpɪ
appearance	əpɪɹəns
appeared	əpɪd
appearing	əpɪɹɪŋ
appears	əpɪz
appendix	əpɛndɪks
apple	æpəl
appliances	əplaɪənsəz
applicable	æpləkəbəl
applicant	æplɪkənt
application	æpləkeɪʃən
applications	æpləkeɪʃənz
applied	əplaɪd
applies	əplaɪz
apply	əplaɪ
applying	əplaɪɪŋ
appointed	əpɔɪntɪd
appointment	əpɔɪntmənt
appreciate	əpɹiːʃiːeɪt
approach	əpɹəʊtʃ
approaches	əpɹəʊtʃəz
appropriate	əpɹəʊpɹiːət
approval	əpɹuːvəl
approved	əpɹuːvd
approximately	əpɹɑːksəmətliː
april	eɪpɹəl
ar	ɑː
arab	æɹəb
arcade	ɑːkeɪd
architecture	ɑːkətɛktʃə
archive	ɑːkaɪv
archives	ɑːkaɪvz
are	ɑː
area	ɛɹiːə
areas	ɛɹiːəz
arena	əiːnə
argentina	ɑːdʒəntiːnə
argument	ɑːɡjəmənt
arguments	ɑːɡjəmənts
arizona	ɛɹɪzəʊnə
arkansas	ɑːkənsɑː
arm	ɑːm
armed	ɑːmd
arms	ɑːmz
army	ɑːmiː
around	əaʊnd
arrangements	əeɪndʒmənts
array	əeɪ
arrival	əaɪvəl
arrived	əaɪvd
art	ɑːt
arthur	ɑːθə
article	ɑːtəkəl
articles	ɑːtəkəlz
artist	ɑːtəst
artists	ɑːtɪsts
arts	ɑːts
as	æz
asia	eɪʒə
asian	eɪʒən
ask	æsk
asked	æskt
asking	æskɪŋ
asp	æsp
aspect	æspɛkt
aspects	æspɛkts
ass	æs
assembly	əsɛmbliː
assessment	əsɛsmənt
asset	æsɛt
assets	æsɛts
assigned	əsaɪnd
assignment	əsaɪnmənt
assist	əsɪst
assistance	əsɪstəns
assistant	əsɪstənt
associate	əsəʊsiːət
associated	əsəʊsiːeɪtɪd
associates	əsəʊsiːəts
association	əsəʊsiːeɪʃən
associations	əsəʊsiːeɪʃənz
assume	əsuːm
assumes	əsuːmz
at	æt
athletic	æθlɛtɪk
atlanta	ætlæntə
atlantic	ətlæntɪk
atmosphere	ætməsfɪ
atom	ætəm
attached	ətætʃt
attachment	ətætʃmənt
attack	ətæk
attacks	ətæks
attempt	ətɛmpt
attend	ətɛnd
attendance	ətɛndəns
attention	ətɛnʃən
attorney	ətɜːniː
attorneys	ətɜːniːz
attractions	ətɹækʃənz
attribute	ætɹəbjuːt
attributes	ætɹəbjuːts
au	əʊ
auction	ɑːkʃən
auctions	ɑːkʃənz
aud	ɔːd
audience	ɑːdiːəns
audio	ɑːdiːəʊ
audit	ɔːdɪt
aug	ɔːɡəst
august	ɑːɡəst
austin	ɔːstən
australia	ɔːstɹeɪljə
australian	ɔːstɹeɪljən
austria	ɔːstɹiːə
authentication	ɔːθɛntəkeɪʃən
author	ɔːθə
authorities	əθɔːɹətiːz
authority	əθɔːɹətiː
authorized	ɔːθəaɪzd
authors	ɔːθəz
auto	ɔːtəʊ
automated	ɔːtəmeɪtɪd
automatic	ɔːtəmætɪk
automatically	ɔːtəmætɪkliː
automotive	ɔːtəməʊtɪv
av	eɪviː
availability	əveɪləbɪlətiː
available	əveɪləbəl
avatar	ævətɑː
ave	ɑːveɪ
avenue	ævənuː
average	ævəɪdʒ
aviation	eɪviːeɪʃən
avoid	əvɔɪd
award	əwɔːd
awarded	əwɔːdɪd
awards	əwɔːdz
aware	əwɛ
awareness	əwɛnəs
away	əweɪ
awesome	ɑːsəm
b	biː
ba	biːeɪ
babe	beɪb
babes	beɪbz
babies	beɪbiːz
baby	beɪbiː
back	bæk
background	bækɡɹaʊnd
backup	bækʌp
bad	bæd
bag	bæɡ
bags	bæɡz
baker	beɪkə
balance	bæləns
ball	bɔːl
balls	bɔːlz
baltimore	bɔːltəmɔː
band	bænd
bands	bændz
bandwidth	bændwɪdθ
bang	bæŋ
bank	bæŋk
banking	bæŋkɪŋ
bankruptcy	bæŋkɹəpsiː
banks	bæŋks
banner	bænə
bar	bɑː
barbara	bɑːbəə
bargain	bɑːɡən
barry	bæɹiː
bars	bɑːz
base	beɪs
baseball	beɪsbɔːl
based	beɪst
basic	beɪsɪk
basis	beɪsəs
basket	bæskət
basketball	bæskətbɔːl
baskets	bæskəts
bass	bæs
bath	bæθ
bathroom	bæθɹuːm
batteries	bætəiːz
battery	bætəiː
battle	bætəl
bay	beɪ
bbc	biːbiːsiː
bc	biːsiː
be	biː
beach	biːtʃ
bear	bɛ
bears	bɛz
beast	biːst
beat	biːt
beautiful	bjuːtəfəl
beauty	bjuːtiː
became	bɪkeɪm
because	bɪkɔːz
become	bɪkʌm
becomes	bɪkʌmz
becoming	bɪkʌmɪŋ
bed	bɛd
bedroom	bɛdɹuːm
bedrooms	bɛdɹuːmz
beds	bɛdz
been	bɪn
beer	bɪ
before	bɪfɔː
began	bɪɡæn
begin	bɪɡɪn
beginning	bɪɡɪnɪŋ
begins	bɪɡɪnz
behalf	bɪhæf
behavior	bɪheɪvjə
behaviour	bɪheɪvjə
behind	bɪhaɪnd
being	biːɪŋ
belgium	bɛldʒəm
believe	bɪliːv
believed	bɪliːvd
bell	bɛl
below	bɪləʊ
belt	bɛlt
ben	bɛn
benefit	bɛnəfɪt
benefits	bɛnəfɪts
berlin	bəlɪn
best	bɛst
bestiality	bɛstʃælɪtiː
bet	bɛt
beta	beɪtə
better	bɛtə
betting	bɛtɪŋ
between	bɪtwiːn
beyond	bɪɑːnd
bi	baɪ
bible	baɪbəl
bid	bɪd
bidding	bɪdɪŋ
bids	bɪdz
big	bɪɡ
bigger	bɪɡə
biggest	bɪɡəst
bike	baɪk
bill	bɪl
billing	bɪlɪŋ
billion	bɪljən
bills	bɪlz
billy	bɪliː
bin	bɪn
binding	baɪndɪŋ
bio	baɪəʊ
biography	baɪɑːɡɹəfiː
biological	baɪəlɑːdʒɪkəl
biology	baɪɑːlədʒiː
bird	bɜːd
birds	bɜːdz
birmingham	bɜːmɪŋhæm
birth	bɜːθ
birthday	bɜːθdeɪ
bit	bɪt
bits	bɪts
biz	bɪz
black	blæk
blackjack	blækdʒæk
blank	blæŋk
blind	blaɪnd
block	blɑːk
blocks	blɑːks
blog	blɔːɡ
blogger	blɔːɡə
blogs	blɔːɡz
blonde	blɑːnd
blood	blʌd
blow	bləʊ
blowjob	bləʊdʒɑːb
blowjobs	bləʊdʒɑːbz
blue	bluː
blues	bluːz
bluetooth	bluːtuːθ
blvd	bʊləvɑːd
bmw	biːɛmdʌbəljuː
board	bɔːd
boards	bɔːdz
boat	bəʊt
boats	bəʊts
bob	bɑːb
bodies	bɑːdiːz
body	bɑːdiː
bold	bəʊld
bond	bɑːnd
bondage	bɑːndɪdʒ
bonds	bɑːndz
bone	bəʊn
bonus	bəʊnəs
boobs	buːbz
book	bʊk
booking	bʊkɪŋ
bookmark	bʊkmɑːk
books	bʊks
boost	buːst
boot	buːt
boots	buːts
booty	buːtiː
border	bɔːdə
born	bɔːn
boss	bɑːs
boston	bɑːstən
both	bəʊθ
bottle	bɑːtəl
bottom	bɑːtəm
bought	bɑːt
bound	baʊnd
boundary	baʊndəiː
bowl	bəʊl
box	bɑːks
boxes	bɑːksəz
boy	bɔɪ
boys	bɔɪz
brain	bɹeɪn
branch	bɹæntʃ
brand	bɹænd
brands	bɹændz
brass	bɹæs
brazil	bɹəzɪl
bread	bɹɛd
break	bɹeɪk
breakfast	bɹɛkfəst
breaking	bɹeɪkɪŋ
breaks	bɹeɪks
breast	bɹɛst
breasts	bɹɛsts
brian	bɹaɪən
bridge	bɹɪdʒ
brief	bɹiːf
bright	bɹaɪt
bring	bɹɪŋ
bringing	bɹɪŋɪŋ
brings	bɹɪŋz
bristol	bɹɪstəl
britain	bɹɪtən
british	bɹɪtɪʃ
broad	bɹɔːd
broadband	bɹɔːdbænd
broadcast	bɹɔːdkæst
broken	bɹəʊkən
broker	bɹəʊkə
brother	bɹʌðə
brothers	bɹʌðəz
brought	bɹɔːt
brown	bɹaʊn
browse	bɹaʊz
browser	bɹaʊzə
bruce	bɹuːs
bs	biːɛs
buddy	bʌdiː
budget	bʌdʒɪt
buffalo	bʌfələʊ
buffer	bʌfə
bug	bʌɡ
bugs	bʌɡz
build	bɪld
builder	bɪldə
building	bɪldɪŋ
buildings	bɪldɪŋz
built	bɪlt
bukkake	buːkɑːkɛ
bulgaria	bəlɡɛɹiːə
bulk	bʌlk
bulletin	bʊlɪtən
bureau	bjʊɹəʊ
burn	bɜːn
burning	bɜːnɪŋ
bus	bʌs
bush	bʊʃ
business	bɪznəs
businesses	bɪznəsəz
busty	bʌstiː
busy	bɪziː
but	bʌt
butt	bʌt
button	bʌtən
buttons	bʌtənz
buy	baɪ
buyer	baɪə
buyers	baɪəz
buying	baɪɪŋ
by	baɪ
bytes	baɪts
c	siː
ca	kʌ
cabinet	kæbənət
cable	keɪbəl
cables	keɪbəlz
cache	kæʃ
cached	kæʃt
cafe	kəfeɪ
cake	keɪk
cal	kæl
calculate	kælkjəleɪt
calculated	kælkjəleɪtɪd
calculator	kælkjəleɪtə
calendar	kæləndə
california	kæləfɔːnjə
call	kɔːl
called	kɔːld
calling	kɔːlɪŋ
calls	kɔːlz
cam	kæm
cambridge	keɪmbɹɪdʒ
camcorder	kæmkɔːdə
came	keɪm
camera	kæməə
cameras	kæməəz
camp	kæmp
campaign	kæmpeɪn
campbell	kæmbəl
camping	kæmpɪŋ
campus	kæmpəs
can	kæn
canada	kænədə
canadian	kəneɪdiːən
cancel	kænsəl
cancer	kænsə
candidate	kændədeɪt
candidates	kændədeɪts
candy	kændiː
canon	kænən
cap	kæp
capabilities	keɪpəbɪlətiːz
capability	keɪpəbɪlətiː
capable	keɪpəbəl
capacity	kəpæsətiː
cape	keɪp
capital	kæpətəl
caps	kæps
captain	kæptən
capture	kæptʃə
car	kɑː
carbon	kɑːbən
card	kɑːd
cards	kɑːdz
care	kɛ
career	kəɪ
careers	kəɪz
carefully	kɛfəliː
caribbean	kəɪbiːən
carolina	kɛɹəlaɪnə
carried	kæɹiːd
carrier	kæɹiːə
carry	kæɹiː
carrying	kæɹiːɪŋ
cars	kɑːz
cart	kɑːt
carter	kɑːtə
cartoon	kɑːtuːn
cartoons	kɑːtuːnz
cartridge	kɑːtɹədʒ
case	keɪs
cases	keɪsəz
cash	kæʃ
casino	kəsiːnəʊ
casinos	kəsiːnəʊz
cast	kæst
castle	kæsəl
casual	kæʒəwəl
cat	kæt
catalog	kætəlɔːɡ
catalogue	kætəlɔːɡ
catch	kætʃ
categories	kætəɡɔːɹiːz
category	kætəɡɔːɹiː
catering	keɪtəɪŋ
catholic	kæθlɪk
cats	kæts
caught	kɑːt
cause	kɑːz
caused	kɑːzd
causes	kɑːzəz
cc	siːsiː
cd	siːdiː
cds	siːdiːz
ce	siːiː
celebrity	səlɛbɹɪtiː
cell	sɛl
cells	sɛlz
cellular	sɛljələ
census	sɛnsəs
cent	sɛnt
center	sɛntə
centers	sɛntəz
central	sɛntɹəl
centre	sɛntə
centres	sɛntəz
century	sɛntʃəiː
ceo	siːiːəʊ
certain	sɜːtən
certainly	sɜːtənliː
certificate	sətɪfɪkət
certificates	sətɪfɪkəts
certification	sɜːtəfəkeɪʃən
certified	sɜːtəfaɪd
chain	tʃeɪn
chair	tʃɛ
chairman	tʃɛmən
chairs	tʃɛz
challenge	tʃæləndʒ
challenges	tʃæləndʒɪz
chamber	tʃeɪmbə
champion	tʃæmpiːən
championship	tʃæmpiːənʃɪp
chance	tʃæns
change	tʃeɪndʒ
changed	tʃeɪndʒd
changes	tʃeɪndʒəz
changing	tʃeɪndʒɪŋ
channel	tʃænəl
channels	tʃænəlz
chapter	tʃæptə
chapters	tʃæptəz
char	tʃɑː
character	kɛɹɪktə
characteristics	kɛɹəktəɪstɪks
characters	kæɹəktəz
charge	tʃɑːdʒ
charged	tʃɑːdʒd
charger	tʃɑːdʒə
charges	tʃɑːdʒəz
charity	tʃɛɹɪtiː
charles	tʃɑːlz
charlie	tʃɑːliː
charlotte	ʃɑːlət
chart	tʃɑːt
charter	tʃɑːtə
charts	tʃɑːts
chat	tʃæt
cheap	tʃiːp
cheats	tʃiːts
check	tʃɛk
checked	tʃɛkt
checking	tʃɛkɪŋ
checkout	tʃɛkaʊt
checks	tʃɛks
cheese	tʃiːz
chemical	kɛməkəl
chemicals	kɛmɪkəlz
chemistry	kɛməstɹiː
cherry	tʃɛɹiː
chest	tʃɛst
chevrolet	ʃɛvɹəleɪ
chicago	ʃəkɑːɡəʊ
chicken	tʃɪkən
chief	tʃiːf
child	tʃaɪld
childhood	tʃaɪldhʊd
children	tʃɪldɹən
chile	tʃɪliː
china	tʃaɪnə
chinese	tʃaɪniːz
chip	tʃɪp
chips	tʃɪps
chocolate	tʃɔːklət
choice	tʃɔɪs
choices	tʃɔɪsəz
choose	tʃuːz
choosing	tʃuːzɪŋ
chosen	tʃəʊzən
chris	kɹɪs
christ	kɹaɪst
christian	kɹɪstʃən
christmas	kɹɪsməs
christopher	kɹɪstəfə
chronic	kɹɑːnɪk
church	tʃɜːtʃ
churches	tʃɜːtʃɪz
cialis	siːɑːləs
cincinnati	sɪnsənætiː
cinema	sɪnəmə
circle	sɜːkəl
circuit	sɜːkət
circumstances	sɜːkəmstænsəz
cisco	sɪskəʊ
cities	sɪtiːz
citizen	sɪtəzən
citizens	sɪtəzənz
city	sɪtiː
citysearch	sɪtiːsɜːtʃ
civil	sɪvəl
claim	kleɪm
claims	kleɪmz
clark	klɑːk
class	klæs
classes	klæsəz
classic	klæsɪk
classical	klæsɪkəl
classics	klæsɪks
classification	klæsəfəkeɪʃən
classified	klæsəfaɪd
classifieds	klæsəfaɪdz
classroom	klæsɹuːm
clause	klɔːz
clay	kleɪ
clean	kliːn
cleaning	kliːnɪŋ
clear	klɪ
clearance	klɪɹəns
clearly	klɪliː
cleveland	kliːvlənd
click	klɪk
clicking	klɪkɪŋ
client	klaɪənt
clients	klaɪənts
climate	klaɪmət
clinic	klɪnɪk
clinical	klɪnəkəl
clinton	klɪntən
clip	klɪp
clips	klɪps
clock	klɑːk
close	kləʊs
closed	kləʊzd
closely	kləʊsliː
closer	kləʊsə
closing	kləʊzɪŋ
clothes	kləʊðz
clothing	kləʊðɪŋ
cloudy	klaʊdiː
club	klʌb
clubs	klʌbz
cluster	klʌstə
cnet	siːnɛt
co	kəʊ
coach	kəʊtʃ
coast	kəʊst
coastal	kəʊstəl
cock	kɑːk
cocks	kɑːks
code	kəʊd
codes	kəʊdz
coffee	kɑːfiː
coins	kɔɪnz
cold	kəʊld
collaboration	kəlæbəeɪʃən
collect	kəlɛkt
collected	kəlɛktəd
collectibles	kəlɛktəbəlz
collection	kəlɛkʃən
collections	kəlɛkʃənz
college	kɑːlɪdʒ
colleges	kɑːlɪdʒɪz
color	kʌlə
colorado	kɑːləɑːdəʊ
colors	kʌləz
colour	kʌlə
columbia	kəlʌmbiːə
columbus	kəlʌmbəs
column	kɑːləm
columns	kɑːləmz
com	kɑːm
combat	kɑːmbæt
combination	kɑːmbəneɪʃən
combine	kɑːmbaɪn
combined	kəmbaɪnd
come	kʌm
comedy	kɑːmədiː
comes	kʌmz
comfort	kʌmfət
comfortable	kʌmfətəbəl
comic	kɑːmɪk
comics	kɑːmɪks
coming	kʌmɪŋ
command	kəmænd
commands	kəmændz
comment	kɑːmɛnt
commentary	kɑːməntɛɹiː
comments	kɑːmɛnts
commerce	kɑːməs
commercial	kəmɜːʃəl
commission	kəmɪʃən
commissioner	kəmɪʃənə
commit	kəmɪt
commitment	kəmɪtmənt
committed	kəmɪtɪd
committee	kəmɪtiː
committees	kəmɪtiːz
common	kɑːmən
commons	kɑːmənz
communicate	kəmjuːnəkeɪt
communication	kəmjuːnəkeɪʃən
communications	kəmjuːnəkeɪʃənz
communities	kəmjuːnətiːz
community	kəmjuːnətiː
compact	kɑːmpækt
companies	kʌmpəniːz
company	kʌmpəniː
compaq	kɑːmpæk
compare	kəmpɛ
compared	kəmpɛd
comparison	kəmpɛɹəsən
compatible	kəmpætəbəl
compensation	kɑːmpənseɪʃən
competition	kɑːmpətɪʃən
competitive	kəmpɛtətɪv
compiled	kəmpaɪld
complaint	kəmpleɪnt
complaints	kəmpleɪnts
complete	kəmpliːt
completed	kəmpliːtəd
completely	kəmpliːtliː
completion	kəmpliːʃən
complex	kɑːmplɛks
compliance	kəmplaɪəns
comply	kəmplaɪ
component	kəmpəʊnənt
components	kəmpəʊnənts
composition	kɑːmpəzɪʃən
comprehensive	kɑːmpɹiːhɛnsɪv
computer	kəmpjuːtə
computers	kəmpjuːtəz
computing	kəmpjuːtɪŋ
con	kɑːn
concentration	kɑːnsəntɹeɪʃən
concept	kɑːnsɛpt
concepts	kɑːnsɛpts
concern	kənsɜːn
concerned	kənsɜːnd
concerning	kənsɜːnɪŋ
concerns	kənsɜːnz
concert	kɑːnsət
conclusion	kənkluːʒən
concrete	kənkɹiːt
condition	kəndɪʃən
conditions	kəndɪʃənz
conduct	kɑːndəkt
conducted	kəndʌktəd
conference	kɑːnfəəns
conferences	kɑːnfəənsəz
confidence	kɑːnfədəns
configuration	kənfɪɡjəeɪʃən
configure	kənfɪɡjə
confirm	kənfɜːm
confirmed	kənfɜːmd
conflict	kɑːnflɪkt
congress	kɑːŋɡɹəs
connect	kənɛkt
connected	kənɛktɪd
connecticut	kənɛtəkət
connection	kənɛkʃən
connections	kənɛkʃənz
consent	kənsɛnt
consequences	kɑːnsəkwɛnsəz
conservation	kɑːnsəveɪʃən
conservative	kənsɜːvətɪv
consider	kənsɪdə
consideration	kənsɪdəeɪʃən
considered	kənsɪdəd
considering	kənsɪdəɪŋ
consistent	kənsɪstənt
consists	kənsɪsts
console	kɑːnsəʊl
consolidation	kənsɑːlədeɪʃən
constant	kɑːnstənt
constitutes	kɑːnstətuːts
constitution	kɑːnstətuːʃən
construction	kənstɹʌkʃən
consultant	kənsʌltənt
consultants	kənsʌltənts
consultation	kɑːnsəlteɪʃən
consulting	kənsʌltɪŋ
consumer	kənsuːmə
consumers	kənsuːməz
consumption	kənsʌmpʃən
contact	kɑːntækt
contacts	kɑːntækts
contain	kənteɪn
contained	kənteɪnd
containing	kənteɪnɪŋ
contains	kənteɪnz
contemporary	kəntɛmpəɛɹiː
content	kɑːntɛnt
contents	kɑːntɛnts
contest	kɑːntɛst
context	kɑːntɛkst
continental	kɑːntənɛntəl
continue	kəntɪnjuː
continued	kəntɪnjuːd
continues	kəntɪnjuːz
continuing	kəntɪnjuːɪŋ
continuous	kəntɪnjuːəs
contract	kɑːntɹækt
contractor	kɑːntɹæktə
contractors	kɑːntɹæktəz
contracts	kɑːntɹækts
contrast	kɑːntɹæst
contribute	kəntɹɪbjuːt
contributed	kəntɹɪbjuːtɪd
contribution	kɑːntɹəbjuːʃən
contributions	kɑːntɹəbjuːʃənz
control	kəntɹəʊl
controlled	kəntɹəʊld
controller	kəntɹəʊlə
controls	kəntɹəʊlz
convenient	kənviːnjənt
convention	kənvɛnʃən
conversation	kɑːnvəseɪʃən
conversion	kənvɜːʒən
convert	kɑːnvət
converted	kənvɜːtɪd
converter	kənvɜːtə
cook	kʊk
cookies	kʊkiːz
cooking	kʊkɪŋ
cool	kuːl
cooling	kuːlɪŋ
cooperation	kəʊɑːpəeɪʃən
coordinator	kəʊɔːdəneɪtə
copies	kɑːpiːz
copper	kɑːpə
copy	kɑːpiː
copyright	kɑːpiːɹaɪt
core	kɔː
corner	kɔːnə
corporate	kɔːpəət
corporation	kɔːpəeɪʃən
correct	kəɛkt
correction	kəɛkʃən
corrections	kəɛkʃənz
correctly	kəɛktliː
corresponding	kɔːɹəspɑːndɪŋ
cost	kɑːst
costa	kɔːstɑː
costs	kɑːsts
cotton	kɑːtən
could	kʊd
council	kaʊnsəl
counsel	kaʊnsəl
counseling	kaʊnsəlɪŋ
count	kaʊnt
counter	kaʊntə
counties	kaʊntiːz
countries	kʌntɹiːz
country	kʌntɹiː
counts	kaʊnts
county	kaʊntiː
couple	kʌpəl
couples	kʌpəlz
coupons	kuːpɔːnz
course	kɔːs
courses	kɔːsəz
court	kɔːt
courts	kɔːts
cover	kʌvə
coverage	kʌvəədʒ
covered	kʌvəd
covering	kʌvəɪŋ
covers	kʌvəz
cpu	siːpiːjuː
crack	kɹæk
craft	kɹæft
crafts	kɹæfts
craig	kɹeɪɡ
crash	kɹæʃ
crazy	kɹeɪziː
cream	kɹiːm
create	kɹiːeɪt
created	kɹiːeɪtəd
creates	kɹiːeɪts
creating	kɹiːeɪtɪŋ
creation	kɹiːeɪʃən
creative	kɹiːeɪtɪv
credit	kɹɛdət
credits	kɹɛdɪts
creek	kɹiːk
crew	kɹuː
crime	kɹaɪm
criminal	kɹɪmənəl
crisis	kɹaɪsəs
criteria	kɹaɪtɪɹiːə
critical	kɹɪtɪkəl
crm	siːɑːɹɛm
cross	kɹɔːs
crown	kɹaʊn
cruise	kɹuːz
cruises	kɹuːzɪz
crystal	kɹɪstəl
ct	kɔːt
cuba	kjuːbə
cultural	kʌltʃəəl
culture	kʌltʃə
cum	kʌm
cup	kʌp
currency	kɜːənsiː
current	kɜːənt
currently	kɜːəntliː
curriculum	kəɪkjələm
custom	kʌstəm
customer	kʌstəmə
customers	kʌstəməz
customize	kʌstəmaɪz
cut	kʌt
cute	kjuːt
cuts	kʌts
cutting	kʌtɪŋ
cycle	saɪkəl
cyprus	saɪpɹəs
czech	tʃɛk
d	diː
da	dɑː
dad	dæd
daily	deɪliː
dakota	dəkəʊtə
dallas	dæləs
damage	dæmədʒ
damages	dæmədʒəz
dan	dæn
dance	dæns
dancing	dænsɪŋ
danger	deɪndʒə
dangerous	deɪndʒəəs
daniel	dænjəl
dark	dɑːk
data	deɪtə
database	deɪtəbeɪs
databases	deɪtəbeɪsɪz
date	deɪt
dated	deɪtɪd
dates	deɪts
dating	deɪtɪŋ
daughter	dɔːtə
dave	deɪv
david	deɪvɪd
davis	deɪvəs
day	deɪ
days	deɪz
dc	diːsiː
de	diː
dead	dɛd
deal	diːl
dealer	diːlə
dealers	diːləz
dealing	diːlɪŋ
deals	diːlz
dean	diːn
dear	dɪ
death	dɛθ
debate	dəbeɪt
debian	dɛbiːən
debt	dɛt
dec	dɛk
december	dɪsɛmbə
decide	dɪsaɪd
decided	dɪsaɪdɪd
decision	dɪsɪʒən
decisions	dɪsɪʒənz
deck	dɛk
decrease	dɪkɹiːs
dedicated	dɛdəkeɪtəd
deep	diːp
default	dɪfɔːlt
defence	dɪfɛns
defense	dɪfɛns
define	dɪfaɪn
defined	dɪfaɪnd
definitely	dɛfənətliː
definition	dɛfənɪʃən
definitions	dɛfənɪʃənz
degree	dɪɡɹiː
degrees	dɪɡɹiːz
del	dɛl
delaware	dɛləwɛ
delay	dɪleɪ
delete	dɪliːt
deliver	dɪlɪvə
delivered	dɪlɪvəd
delivery	dɪlɪvəiː
dell	dɛl
delta	dɛltə
deluxe	dəlʌks
demand	dɪmænd
demo	dɛməʊ
democracy	dɪmɑːkɹəsiː
democratic	dɛməkɹætɪk
demonstrate	dɛmənstɹeɪt
den	dɛn
denmark	dɛnmɑːk
dennis	dɛnɪs
density	dɛnsətiː
dental	dɛntəl
denver	dɛnvə
department	dɪpɑːtmənt
departments	dɪpɑːtmənts
dependent	dɪpɛndənt
depending	dɪpɛndɪŋ
depends	dɪpɛndz
deposit	dəpɑːzɪt
depression	dɪpɹɛʃən
depth	dɛpθ
deputy	dɛpjətiː
der	dɜː
derived	dəaɪvd
des	dɛs
describe	dɪskɹaɪb
described	dɪskɹaɪbd
describes	dɪskɹaɪbz
description	dɪskɹɪpʃən
descriptions	dɪskɹɪpʃənz
desert	dɛzət
design	dɪzaɪn
designated	dɛzɪɡneɪtɪd
designed	dɪzaɪnd
designer	dɪzaɪnə
designers	dɪzaɪnəz
designs	dɪzaɪnz
desire	dɪzaɪə
desired	dɪzaɪəd
desk	dɛsk
desktop	dɛsktɑːp
desktops	dɛsktɑːps
despite	dɪspaɪt
destination	dɛstəneɪʃən
destinations	dɛstəneɪʃənz
detail	dɪteɪl
detailed	dɪteɪld
details	dɪteɪlz
detection	dɪtɛkʃən
determination	dɪtɜːməneɪʃən
determine	dətɜːmən
determined	dɪtɜːmənd
detroit	dɪtɹɔɪt
deutsch	dɔɪtʃ
dev	dɛv
develop	dɪvɛləp
developed	dɪvɛləpt
developer	dɪvɛləpə
developers	dɪvɛləpəz
developing	dɪvɛləpɪŋ
development	dɪvɛləpmənt
developments	dɪvɛləpmənts
device	dɪvaɪs
devices	dɪvaɪsəz
devil	dɛvəl
di	diː
diabetes	daɪəbiːtiːz
diagnosis	daɪəɡnəʊsəs
dial	daɪəl
diamond	daɪmənd
diary	daɪəiː
dick	dɪk
dicke	dɪk
dictionary	dɪkʃənɛɹiː
did	dɪd
die	daɪ
died	daɪd
diego	diːeɪɡəʊ
diesel	diːsəl
diet	daɪət
diff	dɪf
difference	dɪfəəns
differences	dɪfəənsɪz
different	dɪfəənt
difficult	dɪfəkəlt
digest	daɪdʒɛst
digital	dɪdʒətəl
dildo	dɪldəʊ
dimension	dɪmɛnʃən
dimensions	dɪmɛnʃənz
dining	daɪnɪŋ
dinner	dɪnə
direct	dəɛkt
directed	dəɛktəd
direction	dəɛkʃən
directions	dəɛkʃənz
directly	dəɛktliː
director	dəɛktə
directories	daɪɹɛktəiːz
directors	dəɛktəz
directory	dəɛktəiː
dirty	dɜːtiː
disabilities	dɪsəbɪlətiːz
disability	dɪsəbɪlɪtiː
disabled	dɪseɪbəld
disaster	dɪzæstə
disc	dɪsk
disclaimer	dɪskleɪmə
disclosure	dɪskləʊʒə
discount	dɪskaʊnt
discounts	dɪskaʊnts
discover	dɪskʌvə
discovered	dɪskʌvəd
discovery	dɪskʌvəiː
discrimination	dɪskɹɪməneɪʃən
discuss	dɪskʌs
discussed	dɪskʌst
discussion	dɪskʌʃən
discussions	dɪskʌʃənz
disease	dɪziːz
diseases	dɪziːzəz
dish	dɪʃ
disk	dɪsk
disney	dɪzniː
disorders	dɪsɔːdəz
display	dɪspleɪ
displayed	dɪspleɪd
displays	dɪspleɪz
distance	dɪstəns
distributed	dɪstɹɪbjətəd
distribution	dɪstɹəbjuːʃən
district	dɪstɹɪkt
districts	dɪstɹɪkts
diverse	daɪvɜːs
diversity	dɪvɜːsɪtiː
divided	dɪvaɪdɪd
division	dɪvɪʒən
divorce	dɪvɔːs
dj	diːdʒeɪ
dna	diːɛneɪ
do	duː
doc	dɑːk
doctor	dɑːktə
doctors	dɑːktəz
document	dɑːkjəmɛnt
documentation	dɑːkjəmɛnteɪʃən
documents	dɑːkjəmənts
dodge	dɑːdʒ
does	dʌz
dog	dɔːɡ
dogs	dɑːɡz
doing	duːɪŋ
dollar	dɑːlə
dollars	dɑːləz
dolls	dɑːlz
domain	dəʊmeɪn
domains	dəʊmeɪnz
domestic	dəmɛstɪk
don	dɑːn
donald	dɑːnəld
donate	dəʊneɪt
donations	dəʊneɪʃənz
done	dʌn
door	dɔː
doors	dɔːz
dose	dəʊs
dot	dɑːt
double	dʌbəl
doubt	daʊt
douglas	dʌɡləs
down	daʊn
download	daʊnləʊd
downloads	daʊnləʊdz
downtown	daʊntaʊn
dr	dɹaɪv
draft	dɹæft
dragon	dɹæɡən
drama	dɹɑːmə
draw	dɹɔː
drawing	dɹɔːɪŋ
drawn	dɹɔːn
dream	dɹiːm
dreams	dɹiːmz
dress	dɹɛs
drink	dɹɪŋk
drinking	dɹɪŋkɪŋ
drive	dɹaɪv
driven	dɹɪvən
driver	dɹaɪvə
drivers	dɹaɪvəz
drives	dɹaɪvz
driving	dɹaɪvɪŋ
drop	dɹɑːp
drug	dɹʌɡ
drugs	dɹʌɡz
drum	dɹʌm
dry	dɹaɪ
du	duː
dual	duːəl
dublin	dʌblɪn
due	duː
duration	dʊɹeɪʃən
during	dʊɹɪŋ
dust	dʌst
dutch	dʌtʃ
duties	duːtiːz
duty	duːtiː
dvd	diːviːdiː
dvds	diːviːdiːz
dynamic	daɪnæmɪk
dynamics	daɪnæmɪks
e	iː
each	iːtʃ
eagle	iːɡəl
ear	iː
earlier	ɜːliːə
early	ɜːliː
earn	ɜːn
earnings	ɜːnɪŋz
earrings	ɪɹɪŋz
earth	ɜːθ
ease	iːz
easier	iːziːə
easily	iːzəliː
east	iːst
eastern	iːstən
easy	iːziː
eat	iːt
eating	iːtɪŋ
ebay	iːbeɪ
ebony	ɛbəniː
echo	ɛkəʊ
economic	ɛkənɑːmɪk
economics	ɛkənɑːmɪks
economy	ɪkɑːnəmiː
ed	ɛd
edge	ɛdʒ
edinburgh	ɛdənbəəʊ
edit	ɛdət
edited	ɛdətəd
editing	ɛdətɪŋ
edition	ədɪʃən
editions	ɪdɪʃənz
editor	ɛdətə
editorial	ɛdətɔːɹiːəl
editors	ɛdɪtəz
education	ɛdʒəkeɪʃən
educational	ɛdʒəkeɪʃənəl
edward	ɛdwəd
ee	iː
effect	ɪfɛkt
effective	ɪfɛktɪv
effectively	ɪfɛktɪvliː
effectiveness	ɪfɛktɪvnəs
effects	ɪfɛkts
efficiency	ɪfɪʃənsiː
efficient	ɪfɪʃənt
effort	ɛfət
efforts	ɛfəts
egg	ɛɡ
egypt	iːdʒəpt
eight	eɪt
either	iːðə
el	ɛl
elected	ɪlɛktəd
election	ɪlɛkʃən
elections	ɪlɛkʃənz
electric	ɪlɛktɹɪk
electrical	ɪlɛktɹɪkəl
electricity	ɪlɛktɹɪsətiː
electronic	ɪlɛktɹɑːnɪk
electronics	ɪlɛktɹɑːnɪks
element	ɛləmənt
elementary	ɛləmɛntɹiː
elements	ɛləmənts
eligibility	ɛlɪdʒəbɪlɪtiː
eligible	ɛlədʒəbəl
elite	ɪliːt
elizabeth	ɪlɪzəbəθ
else	ɛls
elsewhere	ɛlswɛ
em	ɛm
email	iːmeɪl
emails	iːmeɪlz
emergency	ɪmɜːdʒənsiː
emerging	ɪmɜːdʒɪŋ
emissions	ɪmɪʃənz
emotional	ɪməʊʃənəl
emphasis	ɛmfəsəs
empire	ɛmpaɪə
employed	ɛmplɔɪd
employee	ɛmplɔɪiː
employees	ɛmplɔɪiːz
employer	ɛmplɔɪə
employers	ɛmplɔɪəz
employment	ɛmplɔɪmənt
empty	ɛmptiː
en	ɛn
enable	ɛneɪbəl
enabled	ɛneɪbəld
enables	ɛneɪbəlz
encourage	ɛnkɜːɪdʒ
encyclopedia	ɪnsaɪkləpiːdiːə
end	ɛnd
ended	ɛndəd
ending	ɛndɪŋ
ends	ɛndz
enemy	ɛnəmiː
energy	ɛnədʒiː
enforcement	ɛnfɔːsmənt
engine	ɛndʒən
engineer	ɛndʒənɪ
engineering	ɛndʒənɪɹɪŋ
engineers	ɛndʒənɪz
engines	ɛndʒənz
england	ɪŋɡlənd
english	ɪŋɡlɪʃ
enhance	ɛnhæns
enhanced	ɛnhænst
enjoy	ɛndʒɔɪ
enjoyed	ɛndʒɔɪd
enlarge	ɛnlɑːdʒ
enough	ɪnʌf
ensure	ɛnʃʊ
enter	ɛntə
entered	ɛntəd
entering	ɛntəɪŋ
enterprise	ɛntəpɹaɪz
enterprises	ɛntəpɹaɪzɪz
entertainment	ɛntəteɪnmənt
entire	ɪntaɪə
entirely	ɪntaɪəliː
entitled	ɛntaɪtəld
entity	ɛntətiː
entries	ɛntɹiːz
entry	ɛntɹiː
environment	ɪnvaɪɹənmənt
environmental	ɪnvaɪɹənmɛntəl
environments	ɪnvaɪɹənmənts
epa	iːpiːeɪ
episode	ɛpəsəʊd
epson	ɛpsən
equal	iːkwəl
equation	ɪkweɪʒən
equipment	ɪkwɪpmənt
equity	ɛkwətiː
equivalent	ɪkwɪvələnt
er	ə
era	ɛɹə
eric	ɛɹɪk
ericsson	ɛɹɪksən
erotic	ɪɹɑːtɪk
error	ɛɹə
errors	ɛɹəz
es	ɛs
escape	ɪskeɪp
especially	əspɛʃliː
essays	ɛseɪz
essential	ɛsɛnʃəl
est	ɛst
establish	ɪstæblɪʃ
established	ɪstæblɪʃt
establishment	ɪstæblɪʃmənt
estate	ɪsteɪt
estimate	ɛstəmət
estimated	ɛstəmeɪtəd
estimates	ɛstəməts
et	ɛt
etc	ɛtsɛtəə
ethernet	iːθənɛt
ethics	ɛθɪks
ethnic	ɛθnɪk
eu	iːjuː
euro	juːɹəʊ
europe	jʊɹəp
european	jʊɹəpiːən
evaluate	ɪvæljuːeɪt
evaluation	ɪvæljuːeɪʃən
eve	iːv
even	iːvɪn
evening	iːvnɪŋ
event	ɪvɛnt
events	ɪvɛnts
eventually	ɪvɛntʃəwəliː
ever	ɛvə
every	ɛvəiː
everybody	ɛvɹiːbɑːdiː
everyday	ɛvɹiːdeɪ
everyone	ɛvɹiːwʌn
everything	ɛvɹiːθɪŋ
evidence	ɛvədəns
evil	iːvəl
evolution	ɛvəluːʃən
ex	ɛks
exact	ɪɡzækt
exactly	ɪɡzæktliː
exam	ɪɡzæm
examination	ɪɡzæməneɪʃən
examine	ɪɡzæmɪn
example	ɪɡzæmpəl
examples	ɪɡzæmpəlz
exceed	ɪksiːd
excel	ɪksɛl
excellence	ɛksələns
excellent	ɛksələnt
except	ɪksɛpt
exception	ɪksɛpʃən
excess	ɛksɛs
exchange	ɪkstʃeɪndʒ
exciting	ɪksaɪtɪŋ
exclusive	ɪkskluːsɪv
execution	ɛksəkjuːʃən
executive	ɪɡzɛkjətɪv
exercise	ɛksəsaɪz
exhibit	ɪɡzɪbɪt
exhibition	ɛksəbɪʃən
exist	ɪɡzɪst
existence	ɛɡzɪstəns
existing	ɪɡzɪstɪŋ
exists	ɪɡzɪsts
exit	ɛɡzɪt
expand	ɪkspænd
expanded	ɪkspændəd
expansion	ɪkspænʃən
expect	ɪkspɛkt
expectations	ɛkspɛkteɪʃənz
expected	ɪkspɛktəd
expense	ɪkspɛns
expenses	ɪkspɛnsəz
expensive	ɪkspɛnsɪv
experience	ɪkspɪɹiːəns
experienced	ɪkspɪɹiːənst
experiences	ɪkspɪɹiːənsɪz
experiment	ɪkspɛɹəmənt
experimental	ɪkspɛɹɪmɛntəl
experiments	ɪkspɛɹəmənts
expert	ɛkspət
expertise	ɛkspətiːz
experts	ɛkspəts
explain	ɪkspleɪn
explained	ɪkspleɪnd
explanation	ɛkspləneɪʃən
explore	ɪksplɔː
explorer	ɪksplɔːɹə
export	ɛkspɔːt
exposed	ɪkspəʊzd
exposure	ɪkspəʊʒə
express	ɪkspɹɛs
expressed	ɪkspɹɛst
expression	ɪkspɹɛʃən
extend	ɪkstɛnd
extended	ɪkstɛndəd
extension	ɪkstɛnʃən
extensive	ɪkstɛnsɪv
extent	ɪkstɛnt
external	ɪkstɜːnəl
extra	ɛkstɹə
extras	ɛkstɹəz
extreme	ɛkstɹiːm
extremely	ɛkstɹiːmliː
eye	aɪ
eyes	aɪz
f	ɛf
fabric	fæbɹɪk
face	feɪs
faces	feɪsəz
facial	feɪʃəl
facilities	fəsɪlətiːz
facility	fəsɪlɪtiː
facing	feɪsɪŋ
fact	fækt
factor	fæktə
factors	fæktəz
factory	fæktəiː
facts	fækts
faculty	fækəltiː
fail	feɪl
failed	feɪld
failure	feɪljə
fair	fɛ
fairly	fɛliː
faith	feɪθ
fall	fɔːl
falls	fɔːlz
false	fɔːls
familiar	fəmɪljə
families	fæməliːz
family	fæməliː
famous	feɪməs
fan	fæn
fans	fænz
fantastic	fæntæstɪk
fantasy	fæntəsiː
far	fɑː
farm	fɑːm
farmers	fɑːməz
fashion	fæʃən
fast	fæst
faster	fæstə
fat	fæt
father	fɑːðə
fault	fɔːlt
favorite	feɪvəɪt
favorites	feɪvəɪts
favourite	feɪvəɪt
fax	fæks
fe	feɪ
fear	fɪ
feature	fiːtʃə
featured	fiːtʃəd
features	fiːtʃəz
featuring	fiːtʃəɪŋ
feb	fɛbjəwɛɹiː
february	fɛbjəwɛɹiː
federal	fɛdəəl
federation	fɛdəeɪʃən
fee	fiː
feed	fiːd
feedback	fiːdbæk
feeds	fiːdz
feel	fiːl
feeling	fiːlɪŋ
fees	fiːz
feet	fiːt
fell	fɛl
fellow	fɛləʊ
felt	fɛlt
female	fiːmeɪl
festival	fɛstəvəl
fetish	fɛtɪʃ
few	fjuː
fi	faɪ
fiber	faɪbə
fiction	fɪkʃən
field	fiːld
fields	fiːldz
fifth	fɪfθ
fig	fɪɡ
fight	faɪt
fighting	faɪtɪŋ
figure	fɪɡjə
figures	fɪɡjəz
file	faɪl
filed	faɪld
files	faɪlz
filing	faɪlɪŋ
fill	fɪl
filled	fɪld
film	fɪlm
films	fɪlmz
filter	fɪltə
filters	fɪltəz
final	faɪnəl
finally	faɪnəliː
finance	fənæns
financial	fənænʃəl
financing	fənænsɪŋ
find	faɪnd
finder	faɪndə
finding	faɪndɪŋ
findings	faɪndɪŋz
finds	faɪndz
fine	faɪn
finger	fɪŋɡə
finish	fɪnɪʃ
finished	fɪnɪʃt
finland	fɪnlænd
fire	faɪə
firefox	faɪəfɔːks
firm	fɜːm
firms	fɜːmz
first	fɜːst
fiscal	fɪskəl
fish	fɪʃ
fishing	fɪʃɪŋ
fit	fɪt
fitness	fɪtnəs
fits	fɪts
five	faɪv
fix	fɪks
fixed	fɪkst
flag	flæɡ
flags	flæɡz
flash	flæʃ
flashing	flæʃɪŋ
flat	flæt
flexibility	flɛksəbɪlətiː
flexible	flɛksəbəl
flight	flaɪt
flights	flaɪts
flood	flʌd
floor	flɔː
florida	flɔːɹədə
florist	flɑːɹɪst
flow	fləʊ
flower	flaʊə
flowers	flaʊəz
fluid	fluːəd
fly	flaɪ
flying	flaɪɪŋ
fm	ɛfɛm
focus	fəʊkəs
focused	fəʊkəst
folder	fəʊldə
folk	fəʊk
folks	fəʊks
follow	fɑːləʊ
followed	fɑːləʊd
following	fɑːləʊɪŋ
follows	fɑːləʊz
font	fɑːnt
food	fuːd
foods	fuːdz
foot	fʊt
football	fʊtbɔːl
for	fɔː
force	fɔːs
forced	fɔːst
forces	fɔːsɪz
ford	fɔːd
forecast	fɔːkæst
foreign	fɔːɹən
forest	fɔːɹəst
forever	fəɛvə
forget	fəɡɛt
forgot	fəɡɑːt
forgotten	fəɡɑːtən
form	fɔːm
formal	fɔːməl
format	fɔːmæt
formation	fɔːmeɪʃən
formats	fɔːmæts
formed	fɔːmd
former	fɔːmə
forms	fɔːmz
formula	fɔːmjələ
fort	fɔːt
forth	fɔːθ
forum	fɔːɹəm
forums	fɔːɹəmz
forward	fɔːwəd
foster	fɑːstə
found	faʊnd
foundation	faʊndeɪʃən
founded	faʊndɪd
four	fɔː
fourth	fɔːθ
fox	fɑːks
frame	fɹeɪm
frames	fɹeɪmz
framework	fɹeɪmwɜːk
france	fɹæns
franchise	fɹæntʃaɪz
francis	fɹænsəs
francisco	fɹænsɪskəʊ
frank	fɹæŋk
franklin	fɹæŋklɪn
fraud	fɹɔːd
fred	fɹɛd
free	fɹiː
freedom	fɹiːdəm
french	fɹɛntʃ
frequency	fɹiːkwənsiː
frequently	fɹiːkwəntliː
fresh	fɹɛʃ
friday	fɹaɪdiː
friend	fɹɛnd
friendly	fɹɛndliː
friends	fɹɛndz
from	fɹʌm
front	fɹʌnt
fruit	fɹuːt
ftp	ɛftiːpiː
fuck	fʌk
fucking	fʌkɪŋ
fuel	fjuːəl
full	fʊl
fully	fʊliː
fun	fʌn
function	fʌŋkʃən
functional	fʌŋkʃənəl
functionality	fʌŋkʃənælɪtiː
functions	fʌŋkʃənz
fund	fʌnd
fundamental	fʌndəmɛntəl
funded	fʌndəd
funding	fʌndɪŋ
funds	fʌndz
funeral	fjuːnəəl
funny	fʌniː
furniture	fɜːnɪtʃə
further	fɜːðə
future	fjuːtʃə
g	dʒiː
ga	ɡɑː
gain	ɡeɪn
galleries	ɡæləiːz
gallery	ɡæləiː
gambling	ɡæmbəlɪŋ
game	ɡeɪm
games	ɡeɪmz
gaming	ɡeɪmɪŋ
gamma	ɡæmə
gang	ɡæŋ
gap	ɡæp
garage	ɡəɑːʒ
garden	ɡɑːdən
gardens	ɡɑːdənz
gary	ɡɛɹiː
gas	ɡæs
gate	ɡeɪt
gateway	ɡeɪtweɪ
gave	ɡeɪv
gay	ɡeɪ
gear	ɡɪ
gender	dʒɛndə
gene	dʒiːn
general	dʒɛnəəl
generally	dʒɛnəəliː
generate	dʒɛnəeɪt
generated	dʒɛnəeɪtəd
generation	dʒɛnəeɪʃən
generator	dʒɛnəeɪtə
generic	dʒənɛɹɪk
genetic	dʒənɛtɪk
genre	ʒɑːnɹə
genuine	dʒɛnjəwən
geographic	dʒiːəɡɹæfɪk
geography	dʒiːɑːɡɹəfiː
george	dʒɔːdʒ
georgia	dʒɔːdʒə
german	dʒɜːmən
germany	dʒɜːməniː
get	ɡɛt
gets	ɡɛts
getting	ɡɛtɪŋ
ghost	ɡəʊst
giant	dʒaɪənt
gift	ɡɪft
gifts	ɡɪfts
girl	ɡɜːl
girls	ɡɜːlz
give	ɡɪv
given	ɡɪvən
gives	ɡɪvz
giving	ɡɪvɪŋ
glad	ɡlæd
glance	ɡlæns
glass	ɡlæs
glasses	ɡlæsəz
global	ɡləʊbəl
globe	ɡləʊb
glory	ɡlɔːɹiː
glossary	ɡlɔːsəiː
gm	dʒiːɛm
gnu	nuː
go	ɡəʊ
goal	ɡəʊl
goals	ɡəʊlz
god	ɡɑːd
goes	ɡəʊz
going	ɡəʊɪŋ
gold	ɡəʊld
golden	ɡəʊldən
golf	ɡɑːlf
gone	ɡɔːn
gonna	ɡɑːnə
good	ɡʊd
goods	ɡʊdz
google	ɡuːɡəl
gordon	ɡɔːdən
got	ɡɑːt
gourmet	ɡʊmeɪ
governance	ɡʌvənəns
government	ɡʌvəmənt
governments	ɡʌvəmənts
governor	ɡʌvənə
gps	ɡiːpiːɛs
grace	ɡɹeɪs
grade	ɡɹeɪd
grades	ɡɹeɪdz
graduate	ɡɹædʒəwət
graham	ɡɹeɪəm
grand	ɡɹænd
grant	ɡɹænt
granted	ɡɹæntəd
grants	ɡɹænts
graph	ɡɹæf
graphic	ɡɹæfɪk
graphics	ɡɹæfɪks
grass	ɡɹæs
gratis	ɡɹætəs
gray	ɡɹeɪ
great	ɡɹeɪt
greater	ɡɹeɪtə
greatest	ɡɹeɪtəst
greece	ɡɹiːs
greek	ɡɹiːk
green	ɡɹiːn
greg	ɡɹɛɡ
grey	ɡɹeɪ
grid	ɡɹɪd
gross	ɡɹəʊs
ground	ɡɹaʊnd
grounds	ɡɹaʊndz
group	ɡɹuːp
groups	ɡɹuːps
grove	ɡɹəʊv
grow	ɡɹəʊ
growing	ɡɹəʊɪŋ
grown	ɡɹəʊn
growth	ɡɹəʊθ
guarantee	ɡɛɹəntiː
guaranteed	ɡɛɹəntiːd
guard	ɡɑːd
guardian	ɡɑːdiːən
guess	ɡɛs
guest	ɡɛst
guests	ɡɛsts
guidance	ɡaɪdəns
guide	ɡaɪd
guidelines	ɡaɪdlaɪnz
guides	ɡaɪdz
guinea	ɡɪniː
guitar	ɡɪtɑː
gulf	ɡʌlf
gun	ɡʌn
guy	ɡaɪ
guys	ɡaɪz
h	eɪtʃ
ha	hɑː
had	hæd
hair	hɛ
hairy	hɛɹiː
half	hæf
hall	hɔːl
hamilton	hæməltən
hampshire	hæmpʃə
hand	hænd
handbook	hændbʊk
handle	hændəl
handling	hændlɪŋ
hands	hændz
happen	hæpən
happened	hæpənd
happens	hæpənz
happy	hæpiː
harbor	hɑːbə
hard	hɑːd
hardcore	hɑːdkɔː
hardcover	hɑːdkʌvə
hardware	hɑːdwɛ
harris	hɛɹɪs
harry	hɛɹiː
has	hæz
hat	hæt
hate	heɪt
have	hæv
having	hævɪŋ
hawaii	həwaɪiː
he	hiː
head	hɛd
header	hɛdə
headlines	hɛdlaɪnz
heads	hɛdz
healing	hiːlɪŋ
health	hɛlθ
healthcare	hɛlθkɛ
healthy	hɛlθiː
hear	hiː
heard	hɜːd
hearing	hiːɹɪŋ
heart	hɑːt
hearts	hɑːts
heat	hiːt
heating	hiːtɪŋ
heaven	hɛvən
heavy	hɛviː
height	haɪt
heights	haɪts
held	hɛld
hell	hɛl
hello	hələʊ
help	hɛlp
helped	hɛlpt
helpful	hɛlpfəl
helping	hɛlpɪŋ
helps	hɛlps
hence	hɛns
henry	hɛnɹiː
her	hɜː
here	hiː
heritage	hɛɹətədʒ
herself	həsɛlf
hey	heɪ
hi	haɪ
hidden	hɪdən
hide	haɪd
high	haɪ
higher	haɪə
highest	haɪəst
highlights	haɪlaɪts
highly	haɪliː
highway	haɪweɪ
hill	hɪl
hills	hɪlz
hilton	hɪltən
him	hɪm
himself	hɪmsɛlf
hip	hɪp
hire	haɪə
his	hɪz
historic	hɪstɔːɹɪk
historical	hɪstɔːɹɪkəl
history	hɪstəiː
hit	hɪt
hits	hɪts
hobbies	hɑːbiːz
hockey	hɑːkiː
hold	həʊld
holder	həʊldə
holding	həʊldɪŋ
holds	həʊldz
hole	həʊl
holiday	hɑːlədeɪ
holidays	hɑːlədeɪz
hollywood	hɑːliːwʊd
holy	həʊliː
home	həʊm
homepage	həʊmpeɪdʒ
homes	həʊmz
honda	hɔːndə
hong	hɔːŋ
honor	ɑːnə
hop	hɑːp
hope	həʊp
horror	hɔːɹə
horse	hɔːs
horses	hɔːsəz
hospital	hɑːspɪtəl
hospitals	hɑːspɪtəlz
host	həʊst
hosted	həʊstɪd
hosting	həʊstɪŋ
hot	hɑːt
hotel	həʊtɛl
hotels	həʊtɛlz
hour	aʊə
hours	aʊəz
house	haʊs
household	haʊshəʊld
houses	haʊsəz
housing	haʊzɪŋ
houston	hjuːstən
how	haʊ
howard	haʊəd
however	haʊɛvə
hp	eɪtʃpiː
hr	eɪtʃɑː
html	eɪtʃtiːɛmɛl
http	eɪtʃtiːtiːpiː
huge	hjuːdʒ
human	hjuːmən
humans	hjuːmənz
humor	hjuːmə
hundred	hʌndɹəd
hundreds	hʌndɹədz
hungary	hʌŋɡəiː
hunt	hʌnt
hunter	hʌntə
hunting	hʌntɪŋ
hurricane	hɜːəkeɪn
hurt	hɜːt
husband	hʌzbənd
hybrid	haɪbɹəd
i	aɪ
ia	iːə
ian	iːən
ibm	aɪbiːɛm
ice	aɪs
icon	aɪkɑːn
icons	aɪkɑːnz
id	ɪd
idaho	aɪdəhəʊ
idea	aɪdiːə
ideal	aɪdiːl
ideas	aɪdiːəz
identification	aɪdɛntəfəkeɪʃən
identified	aɪdɛntəfaɪd
identify	aɪdɛntəfaɪ
identity	aɪdɛntɪtiː
if	ɪf
ignore	ɪɡnɔː
il	ɪl
ill	ɪl
illegal	ɪliːɡəl
illinois	ɪlənɔɪ
illustrated	ɪləstɹeɪtəd
im	ɪm
image	ɪmədʒ
images	ɪmədʒəz
imagine	ɪmædʒən
imaging	ɪmɪdʒɪŋ
immediate	ɪmiːdiːət
immediately	ɪmiːdiːətliː
immigration	ɪməɡɹeɪʃən
impact	ɪmpækt
implement	ɪmpləmənt
implementation	ɪmpləmɛnteɪʃən
implemented	ɪmpləmɛntəd
implementing	ɪmpləmɛntɪŋ
implications	ɪmpləkeɪʃənz
import	ɪmpɔːt
importance	ɪmpɔːtəns
important	ɪmpɔːtənt
impossible	ɪmpɑːsəbəl
improve	ɪmpɹuːv
improved	ɪmpɹuːvd
improvement	ɪmpɹuːvmənt
improvements	ɪmpɹuːvmənts
improving	ɪmpɹuːvɪŋ
in	ɪn
inc	ɪŋk
incest	ɪnsɛst
inch	ɪntʃ
inches	ɪntʃəz
incident	ɪnsədənt
include	ɪnkluːd
included	ɪnkluːdəd
includes	ɪnkluːdz
including	ɪnkluːdɪŋ
income	ɪnkʌm
incorporated	ɪnkɔːpəeɪtɪd
increase	ɪnkɹiːs
increased	ɪnkɹiːst
increases	ɪnkɹiːsəz
increasing	ɪnkɹiːsɪŋ
indeed	ɪndiːd
independence	ɪndɪpɛndəns
independent	ɪndɪpɛndənt
index	ɪndɛks
indexed	ɪndɛkst
india	ɪndiːə
indian	ɪndiːən
indiana	ɪndiːænə
indicate	ɪndəkeɪt
indicated	ɪndəkeɪtəd
indicates	ɪndɪkeɪts
indicators	ɪndəkeɪtəz
individual	ɪndəvɪdʒəwəl
individuals	ɪndəvɪdʒəwəlz
indonesia	ɪndəʊniːʒə
indoor	ɪndɔː
industrial	ɪndʌstɹiːəl
industries	ɪndəstɹiːz
industry	ɪndəstɹiː
infant	ɪnfənt
infection	ɪnfɛkʃən
influence	ɪnfluːəns
info	ɪnfəʊ
information	ɪnfəmeɪʃən
informed	ɪnfɔːmd
infrastructure	ɪnfɹəstɹʌktʃə
ing	ɪŋ
ingredients	ɪnɡɹiːdiːənts
initial	ɪnɪʃəl
initiative	ɪnɪʃətɪv
initiatives	ɪnɪʃətɪvz
injuries	ɪndʒəiːz
injury	ɪndʒəiː
ink	ɪŋk
inn	ɪn
inner	ɪnə
innovation	ɪnəveɪʃən
innovative	ɪnəveɪtɪv
input	ɪnpʊt
inquiry	ɪnkwaɪɹiː
insert	ɪnsɜːt
inside	ɪnsaɪd
insider	ɪnsaɪdə
insight	ɪnsaɪt
inspection	ɪnspɛkʃən
install	ɪnstɔːl
installation	ɪnstəleɪʃən
installed	ɪnstɔːld
instance	ɪnstəns
instant	ɪnstənt
instead	ɪnstɛd
institute	ɪnstətuːt
institution	ɪnstɪtuːʃən
institutional	ɪnstɪtuːʃənəl
institutions	ɪnstɪtuːʃənz
instruction	ɪnstɹʌkʃən
instructions	ɪnstɹʌkʃənz
instructor	ɪnstɹʌktə
instrument	ɪnstɹəmənt
instruments	ɪnstɹəmənts
insurance	ɪnʃʊɹəns
integrated	ɪntəɡɹeɪtəd
integration	ɪntəɡɹeɪʃən
integrity	ɪntɛɡɹətiː
intel	ɪntɛl
intellectual	ɪntəlɛktʃuːəl
intelligence	ɪntɛlədʒəns
intelligent	ɪntɛlədʒənt
intended	ɪntɛndɪd
inter	ɪntɜː
interaction	ɪntəækʃən
interactive	ɪntəæktɪv
interest	ɪntɹəst
interested	ɪntɹəstɪd
interesting	ɪntɹəstɪŋ
interests	ɪntɹəsts
interface	ɪntəfeɪs
interior	ɪntɪɹiːə
intermediate	ɪntəmiːdiːɪt
internal	ɪntɜːnəl
international	ɪntənæʃənəl
internet	ɪntənɛt
interpretation	ɪntɜːpɹɪteɪʃən
interracial	ɪntəɹeɪʃəl
interview	ɪntəvjuː
interviews	ɪntəvjuːz
into	ɪntuː
introduce	ɪntɹəduːs
introduced	ɪntɹəduːst
introduction	ɪntɹədʌkʃən
inventory	ɪnvəntɔːɹiː
investigation	ɪnvɛstəɡeɪʃən
investing	ɪnvɛstɪŋ
investment	ɪnvɛstmənt
investments	ɪnvɛstmənts
investor	ɪnvɛstə
investors	ɪnvɛstəz
invited	ɪnvaɪtəd
involved	ɪnvɑːlvd
involvement	ɪnvɑːlvmənt
involves	ɪnvɑːlvz
involving	ɪnvɑːlvɪŋ
iowa	aɪəwə
ip	aɪpiː
ipod	aɪpɑːd
iran	ɪɹɑːn
iraq	ɪɹɑːk
iraqi	ɪɹækiː
ireland	aɪələnd
irish	aɪɹɪʃ
iron	aɪən
is	ɪz
isbn	aɪɛsbiːɛn
island	aɪlənd
islands	aɪləndz
israel	ɪzɹiːəl
issue	ɪʃuː
issued	ɪʃuːd
issues	ɪʃuːz
it	ɪt
italian	ɪtæljən
italy	ɪtəliː
item	aɪtəm
items	aɪtəmz
its	ɪts
itself	ɪtsɛlf
j	dʒeɪ
ja	jɑː
jack	dʒæk
jacket	dʒækət
jackson	dʒæksən
james	dʒeɪmz
jan	dʒæn
jane	dʒeɪn
january	dʒænjuːɛɹiː
japan	dʒəpæn
japanese	dʒæpəniːz
jason	dʒeɪsən
java	dʒɑːvə
javascript	dʒɑːvəskɹɪpt
jay	dʒeɪ
jazz	dʒæz
jean	dʒiːn
jeff	dʒɛf
jennifer	dʒɛnəfə
jerry	dʒɛɹiː
jersey	dʒɜːziː
jessica	dʒɛsɪkə
jesus	dʒiːzəs
jet	dʒɛt
jewelry	dʒuːəlɹiː
jewish	dʒuːɪʃ
jim	dʒɪm
jimmy	dʒɪmiː
job	dʒɑːb
jobs	dʒɑːbz
joe	dʒəʊ
john	dʒɑːn
johnny	dʒɑːniː
johnson	dʒɑːnsən
join	dʒɔɪn
joined	dʒɔɪnd
joint	dʒɔɪnt
jokes	dʒəʊks
jon	dʒɑːn
jonathan	dʒɑːnəθən
jones	dʒəʊnz
jordan	dʒɔːdən
jose	həʊzeɪ
joseph	dʒəʊsəf
journal	dʒɜːnəl
journals	dʒɜːnəlz
journey	dʒɜːniː
joy	dʒɔɪ
jr	dʒuːnjə
judge	dʒʌdʒ
judgment	dʒʌdʒmənt
july	dʒuːlaɪ
jump	dʒʌmp
jun	dʒʌn
june	dʒuːn
junior	dʒuːnjə
just	dʒʌst
justice	dʒʌstəs
k	keɪ
kansas	kænzəs
karen	kɛɹən
kate	keɪt
keep	kiːp
keeping	kiːpɪŋ
keeps	kiːps
keith	kiːθ
kelly	kɛliː
ken	kɛn
kent	kɛnt
kentucky	kəntʌkiː
kenya	kɛnjə
kept	kɛpt
kernel	kɜːnəl
kerry	kɛɹiː
kevin	kɛvɪn
key	kiː
keyboard	kiːbɔːd
keys	kiːz
keyword	kiːwɜːd
keywords	kiːwɜːdz
kick	kɪk
kid	kɪd
kids	kɪdz
kill	kɪl
killed	kɪld
kim	kɪm
kind	kaɪnd
kinds	kaɪndz
king	kɪŋ
kingdom	kɪŋdəm
kings	kɪŋz
kiss	kɪs
kit	kɪt
kitchen	kɪtʃən
kits	kɪts
knew	nuː
know	nəʊ
knowing	nəʊɪŋ
knowledge	nɑːlədʒ
known	nəʊn
knows	nəʊz
kong	kɔːŋ
korea	kɔːɹiːə
korean	kɔːɹiːən
l	ɛl
la	lɑː
lab	læb
label	leɪbəl
labels	leɪbəlz
labor	leɪbə
laboratory	læbɹətɔːɹiː
labour	leɪbə
labs	læbz
lack	læk
ladies	leɪdiːz
lady	leɪdiː
laid	leɪd
lake	leɪk
lakes	leɪks
lamp	læmp
lan	læn
land	lænd
lands	lændz
landscape	lændskeɪp
lane	leɪn
language	læŋɡwədʒ
languages	læŋɡwədʒəz
laptop	læptɑːp
laptops	læptɑːps
large	lɑːdʒ
larger	lɑːdʒə
largest	lɑːdʒəst
larry	lɛɹiː
las	lɑːs
laser	leɪzə
last	læst
lat	lɑːt
late	leɪt
later	leɪtə
latest	leɪtəst
latin	lætən
latina	lɑːtiːnə
latter	lætə
launch	lɔːntʃ
launched	lɔːntʃt
laura	lɔːɹə
law	lɔː
lawrence	lɔːɹəns
laws	lɔːz
lawyer	lɔːjə
lawyers	lɔːjəz
lay	leɪ
layer	leɪə
layout	leɪaʊt
lbs	paʊndz
le	lə
lead	lɛd
leader	liːdə
leaders	liːdəz
leadership	liːdəʃɪp
leading	liːdɪŋ
leads	liːdz
leaf	liːf
league	liːɡ
learn	lɜːn
learned	lɜːnd
learning	lɜːnɪŋ
lease	liːs
least	liːst
leather	lɛðə
leave	liːv
leaves	liːvz
leaving	liːvɪŋ
lecture	lɛktʃə
led	lɛd
lee	liː
left	lɛft
leg	lɛɡ
legacy	lɛɡəsiː
legal	liːɡəl
legend	lɛdʒənd
legislation	lɛdʒəsleɪʃən
legislative	lɛdʒəsleɪtɪv
legs	lɛɡz
leisure	lɛʒə
length	lɛŋkθ
lens	lɛnz
les	lɛs
lesbian	lɛzbiːən
lesbians	lɛzbiːənz
less	lɛs
lesson	lɛsən
lessons	lɛsənz
let	lɛt
lets	lɛts
letter	lɛtə
letters	lɛtəz
level	lɛvəl
levels	lɛvəlz
lewis	luːɪs
li	liː
liability	laɪəbɪlɪtiː
lib	lɪb
liberal	lɪbɜːəl
liberty	lɪbətiː
libraries	laɪbɹɛɹiːz
library	laɪbɹɛɹiː
license	laɪsəns
licensed	laɪsənst
licensing	laɪsənsɪŋ
lie	laɪ
lies	laɪz
life	laɪf
lifestyle	laɪfstaɪl
lifetime	laɪftaɪm
lift	lɪft
light	laɪt
lighting	laɪtɪŋ
lights	laɪts
like	laɪk
likely	laɪkliː
limit	lɪmət
limitations	lɪmɪteɪʃənz
limited	lɪmətəd
limits	lɪməts
limousines	lɪməziːnz
lincoln	lɪŋkən
linda	lɪndə
line	laɪn
linear	lɪniːə
lines	laɪnz
lingerie	lɑːnʒəeɪ
link	lɪŋk
linked	lɪŋkt
links	lɪŋks
linux	lɪnəks
liquid	lɪkwəd
lisa	liːsə
list	lɪst
listed	lɪstəd
listen	lɪsən
listening	lɪsənɪŋ
listing	lɪstɪŋ
listings	lɪstɪŋz
lists	lɪsts
literary	lɪtəɛɹiː
literature	lɪtəətʃə
little	lɪtəl
live	laɪv
lived	lɪvd
lives	lɪvz
living	lɪvɪŋ
llc	ɛlɛlsiː
lo	ləʊ
load	ləʊd
loaded	ləʊdɪd
loading	ləʊdɪŋ
loan	ləʊn
loans	ləʊnz
local	ləʊkəl
locate	ləʊkeɪt
located	ləʊkeɪtəd
location	ləʊkeɪʃən
locations	ləʊkeɪʃənz
lock	lɑːk
lodge	lɑːdʒ
lodging	lɑːdʒɪŋ
log	lɔːɡ
logged	lɔːɡd
logic	lɑːdʒɪk
login	lɔːɡɪn
logo	ləʊɡəʊ
logos	ləʊɡəʊz
lol	lɔːl
london	lʌndən
long	lɔːŋ
longer	lɔːŋɡə
look	lʊk
looked	lʊkt
looking	lʊkɪŋ
looks	lʊks
loop	luːp
lord	lɔːd
los	ləʊs
lose	luːz
loss	lɔːs
losses	lɔːsəz
lost	lɔːst
lot	lɑːt
lots	lɑːts
louis	luːɪs
louisiana	luːiːziːænə
lounge	laʊndʒ
love	lʌv
loved	lʌvd
lovely	lʌvliː
low	ləʊ
lower	ləʊə
lowest	ləʊəst
lp	ɛlpiː
ltd	lɪmɪtɪd
luck	lʌk
lucky	lʌkiː
lunch	lʌntʃ
luxury	lʌɡʒəiː
lyrics	lɪɹɪks
m	ɛm
ma	mɑː
mac	mæk
machine	məʃiːn
machinery	məʃiːnəiː
machines	məʃiːnz
mad	mæd
made	meɪd
madison	mædəsən
magazine	mæɡəziːn
magazines	mæɡəziːnz
magic	mædʒɪk
magnetic	mæɡnɛtɪk
mail	meɪl
mailing	meɪlɪŋ
main	meɪn
maine	meɪn
mainly	meɪnliː
maintain	meɪnteɪn
maintained	meɪnteɪnd
maintaining	meɪnteɪnɪŋ
maintenance	meɪntənəns
major	meɪdʒə
majority	mədʒɔːɹətiː
make	meɪk
maker	meɪkə
makers	meɪkəz
makes	meɪks
making	meɪkɪŋ
malaysia	məleɪʒə
male	meɪl
mall	mɔːl
man	mæn
manage	mænədʒ
managed	mænədʒd
management	mænədʒmənt
manager	mænədʒə
managers	mænədʒəz
managing	mænədʒɪŋ
manchester	mæntʃɛstə
manga	mæŋɡə
manner	mænə
manual	mænjuːəl
manufacturer	mænjəfæktʃəə
manufacturers	mænjəfæktʃəəz
manufacturing	mænjəfæktʃəɪŋ
many	mɛniː
map	mæp
mapping	mæpɪŋ
maps	mæps
mar	mɑː
marc	mɑːk
march	mɑːtʃ
margaret	mɑːɡəɪt
maria	məiːə
marie	məiː
marine	məiːn
mark	mɑːk
marked	mɑːkt
market	mɑːkət
marketing	mɑːkətɪŋ
marketplace	mɑːkətpleɪs
markets	mɑːkəts
marks	mɑːks
marriage	mɛɹɪdʒ
married	mɛɹiːd
mars	mɑːz
marshall	mɑːʃəl
martin	mɑːtən
mary	mɛɹiː
maryland	mɛɹələnd
mass	mæs
massachusetts	mæsətʃuːsəts
massage	məsɑːʒ
massive	mæsɪv
master	mæstə
masters	mæstəz
match	mætʃ
matches	mætʃəz
matching	mætʃɪŋ
material	mətɪɹiːəl
materials	mətɪɹiːəlz
math	mæθ
mathematics	mæθəmætɪks
matrix	meɪtɹɪks
matt	mæt
matter	mætə
matters	mætəz
matthew	mæθjuː
mature	mətʃʊ
max	mæks
maximum	mæksəməm
may	meɪ
maybe	meɪbiː
mayor	meɪə
mc	mɪk
md	ɛmdiː
me	miː
meal	miːl
mean	miːn
meaning	miːnɪŋ
means	miːnz
meant	mɛnt
measure	mɛʒə
measured	mɛʒəd
measurement	mɛʒəmənt
measurements	mɛʒəmənts
measures	mɛʒəz
meat	miːt
mechanical	məkænɪkəl
mechanism	mɛkənɪzəm
mechanisms	mɛkənɪzəmz
med	mɛd
media	miːdiːə
medical	mɛdəkəl
medication	mɛdəkeɪʃən
medicine	mɛdəsən
medium	miːdiːəm
meet	miːt
meeting	miːtɪŋ
meetings	miːtɪŋz
meets	miːts
melbourne	mɛlbən
member	mɛmbə
members	mɛmbəz
membership	mɛmbəʃɪp
memorabilia	mɛməəbiːljə
memorial	məmɔːɹiːəl
memories	mɛməiːz
memory	mɛməiː
men	mɛn
mens	mɛnz
mental	mɛntəl
mention	mɛnʃən
mentioned	mɛnʃənd
menu	mɛnjuː
merchandise	mɜːtʃəndaɪz
merchant	mɜːtʃənt
merchants	mɜːtʃənts
mercury	mɜːkjəiː
mesh	mɛʃ
message	mɛsədʒ
messages	mɛsədʒəz
messenger	mɛsəndʒə
met	mɛt
meta	miːtə
metabolism	mətæbəlɪzəm
metal	mɛtəl
meter	miːtə
method	mɛθəd
methods	mɛθədz
metro	mɛtɹəʊ
mexican	mɛksəkən
mexico	mɛksəkəʊ
mg	ɛmɡiː
mi	miː
miami	maɪæmiː
michael	maɪkəl
michigan	mɪʃɪɡən
micro	maɪkɹəʊ
microsoft	maɪkɹəʊsɔːft
mid	mɪd
middle	mɪdəl
might	maɪt
mike	maɪk
mile	maɪl
miles	maɪlz
military	mɪlətɛɹiː
milk	mɪlk
mill	mɪl
miller	mɪlə
million	mɪljən
millions	mɪljənz
milwaukee	mɪlwɔːkiː
min	mɪn
mind	maɪnd
mine	maɪn
mini	mɪniː
minimum	mɪnəməm
mining	maɪnɪŋ
minister	mɪnəstə
ministry	mɪnəstɹiː
minnesota	mɪnɪsəʊtə
minor	maɪnə
minority	maɪnɔːɹətiː
mint	mɪnt
minute	mɪnət
minutes	mɪnəts
mirror	mɪɹə
miscellaneous	mɪsəleɪniːəs
miss	mɪs
missed	mɪst
missing	mɪsɪŋ
mission	mɪʃən
mississippi	mɪsɪsɪpiː
missouri	məzʊɹiː
mit	ɛmaɪtiː
mix	mɪks
mixed	mɪkst
mm	m
mo	məʊ
mobile	məʊbəl
mod	mɔːd
mode	məʊd
model	mɑːdəl
modeling	mɑːdəlɪŋ
models	mɑːdəlz
modem	məʊdəm
moderator	mɑːdəeɪtə
modern	mɑːdən
modes	məʊdz
modified	mɑːdəfaɪd
modify	mɑːdəfaɪ
module	mɑːdʒuːl
modules	mɑːdʒuːlz
molecular	məlɛkjələ
mom	mɑːm
moment	məʊmənt
mon	məʊn
monday	mʌndiː
money	mʌniː
monitor	mɑːnətə
monitoring	mɑːnətəɪŋ
monitors	mɑːnətəz
monster	mɑːnstə
montana	mɑːntænə
month	mʌnθ
monthly	mʌnθliː
months	mʌnθs
moon	muːn
moore	mʊ
moral	mɔːɹəl
more	mɔː
morgan	mɔːɡən
morning	mɔːnɪŋ
mortgage	mɔːɡədʒ
mortgages	mɔːɡədʒəz
most	məʊst
mostly	məʊstliː
mother	mʌðə
motion	məʊʃən
motor	məʊtə
motorcycle	məʊtəsaɪkəl
motorola	məʊtəəʊlə
motors	məʊtəz
mount	maʊnt
mountain	maʊntən
mountains	maʊntənz
mouse	maʊs
mouth	maʊθ
move	muːv
moved	muːvd
movement	muːvmənt
moves	muːvz
movie	muːviː
movies	muːviːz
moving	muːvɪŋ
mpeg	ɛmpɛɡ
mph	ɛmpiːeɪtʃ
mr	mɪstə
ms	mɪz
mt	maʊnt
much	mʌtʃ
multi	mʌltiː
multimedia	mʌltiːmiːdiːə
multiple	mʌltəpəl
municipal	mjuːnɪsəpəl
murder	mɜːdə
muscle	mʌsəl
museum	mjuːziːəm
music	mjuːzɪk
musical	mjuːzɪkəl
must	mʌst
mutual	mjuːtʃuːəl
my	maɪ
myself	maɪsɛlf
mystery	mɪstəiː
n	ɛn
na	nɑː
naked	neɪkəd
name	neɪm
named	neɪmd
names	neɪmz
nancy	nænsiː
narrow	nɛɹəʊ
nasa	næsə
nashville	næʃvɪl
nation	neɪʃən
national	næʃənəl
nations	neɪʃənz
nationwide	neɪʃənwaɪd
native	neɪtɪv
natural	nætʃəəl
nature	neɪtʃə
navigate	nævəɡeɪt
navigation	nævəɡeɪʃən
navy	neɪviː
nba	ɛnbiːeɪ
ne	niː
near	nɪ
nearby	nɪbaɪ
nearest	nɪɹəst
nearly	nɪliː
nebraska	nəbɹæskə
nec	nɛk
necessarily	nɛsəsɛɹəliː
necessary	nɛsəsɛɹiː
neck	nɛk
need	niːd
needed	niːdəd
needs	niːdz
negative	nɛɡətɪv
neighborhood	neɪbəhʊd
neither	niːðə
nelson	nɛlsən
net	nɛt
netherlands	nɛðələndz
network	nɛtwɜːk
networking	nɛtwɜːkɪŋ
networks	nɛtwɜːks
nevada	nəvɑːdə
never	nɛvə
new	nuː
newest	nuːəst
newly	nuːliː
news	nuːz
newsletter	nuːzlɛtə
newsletters	nuːzlɛtəz
newspaper	nuːzpeɪpə
newspapers	nuːzpeɪpəz
next	nɛkst
nfl	ɛnɛfɛl
nice	naɪs
nick	nɪk
night	naɪt
nights	naɪts
nikon	naɪkɑːn
nine	naɪn
nintendo	nɪntɛndəʊ
nipples	nɪpəlz
no	nəʊ
nobody	nəʊbɑːdiː
node	nəʊd
noise	nɔɪz
nokia	nəʊkiːə
non	nɑːn
none	nʌn
nor	nɔː
normal	nɔːməl
normally	nɔːməliː
north	nɔːθ
northern	nɔːðən
northwest	nɔːθwɛst
norway	nɔːweɪ
not	nɑːt
note	nəʊt
notebook	nəʊtbʊk
notebooks	nəʊtbʊks
noted	nəʊtəd
notes	nəʊts
nothing	nʌθɪŋ
notice	nəʊtəs
noticed	nəʊtəst
notices	nəʊtəsəz
notification	nəʊtəfəkeɪʃən
notify	nəʊtəfaɪ
nov	nəʊv
nova	nəʊvə
novel	nɑːvəl
november	nəʊvɛmbə
now	naʊ
nuclear	nuːkliːə
nude	nuːd
null	nʌl
number	nʌmbə
numbers	nʌmbəz
numerous	nuːməəs
nurse	nɜːs
nursing	nɜːsɪŋ
nutrition	nuːtɹɪʃən
o	əʊ
oak	əʊk
object	ɑːbdʒɛkt
objective	əbdʒɛktɪv
objectives	əbdʒɛktɪvz
objects	ɑːbdʒɛkts
obligation	ɑːbləɡeɪʃən
observations	ɑːbzəveɪʃənz
observed	əbzɜːvd
obtain	əbteɪn
obtained	əbteɪnd
obvious	ɑːbviːəs
obviously	ɑːbviːəsliː
occupation	ɑːkjəpeɪʃən
occur	əkɜː
occurred	əkɜːd
occurs	əkɜːz
ocean	əʊʃən
oct	ɔːkt
october	ɑːktəʊbə
odds	ɑːdz
of	ʌv
off	ɔːf
offer	ɔːfə
offered	ɔːfəd
offering	ɔːfəɪŋ
offers	ɔːfəz
office	ɔːfɪs
officer	ɔːfəsə
officers	ɔːfəsəz
offices	ɔːfəsəz
official	əfɪʃəl
officials	əfɪʃəlz
offline	ɔːflaɪn
offset	ɔːfsɛt
often	ɔːfən
oh	əʊ
ohio	əʊhaɪəʊ
oil	ɔɪl
ok	əʊkeɪ
okay	əʊkeɪ
oklahoma	əʊkləhəʊmə
old	əʊld
older	əʊldə
oldest	əʊldəst
on	ɑːn
once	wʌns
one	wʌn
ones	wʌnz
ongoing	ɑːnɡəʊɪŋ
online	ɔːnlaɪn
only	əʊnliː
ontario	ɑːntɛɹiːəʊ
onto	ɑːntuː
op	ɑːp
open	əʊpən
opened	əʊpənd
opening	əʊpənɪŋ
opens	əʊpənz
opera	ɑːpɹə
operate	ɑːpəeɪt
operated	ɑːpəeɪtəd
operating	ɑːpəeɪtɪŋ
operation	ɑːpəeɪʃən
operational	ɑːpəeɪʃənəl
operations	ɑːpəeɪʃənz
operator	ɑːpəeɪtə
operators	ɑːpəeɪtəz
opinion	əpɪnjən
opinions	əpɪnjənz
opportunities	ɑːpətuːnətiːz
opportunity	ɑːpətuːnətiː
optical	ɑːptɪkəl
optimization	ɑːptəməzeɪʃən
option	ɑːpʃən
optional	ɑːpʃənəl
options	ɑːpʃənz
or	ɔː
oracle	ɔːɹəkəl
oral	ɔːɹəl
orange	ɔːɹəndʒ
order	ɔːdə
ordered	ɔːdəd
ordering	ɔːdəɪŋ
orders	ɔːdəz
ordinary	ɔːdənɛɹiː
oregon	ɔːɹəɡən
org	ɔːɡ
organic	ɔːɡænɪk
organisation	ɔːɡənɪzeɪʃən
organisations	ɔːɡənɪzeɪʃənz
organization	ɔːɡənəzeɪʃən
organizations	ɔːɡənəzeɪʃənz
organized	ɔːɡənaɪzd
orgy	ɔːdʒiː
orientation	ɔːɹiːɛnteɪʃən
oriented	ɔːɹiːɛntəd
origin	ɔːɹədʒən
original	əɪdʒənəl
originally	əɪdʒənəliː
orlando	ɔːlændəʊ
orleans	ɔːliːənz
os	ɑːs
other	ʌðə
others	ʌðəz
otherwise	ʌðəwaɪz
our	aʊə
ourselves	aʊəsɛlvz
out	aʊt
outcome	aʊtkʌm
outcomes	aʊtkʌmz
outdoor	aʊtdɔː
outdoors	aʊtdɔːz
outlet	aʊtlɛt
outlook	aʊtlʊk
output	aʊtpʊt
outside	aʊtsaɪd
outstanding	aʊtstændɪŋ
over	əʊvə
overall	əʊvəɔːl
overnight	əʊvənaɪt
overseas	əʊvəsiːz
overview	əʊvəvjuː
own	əʊn
owned	əʊnd
owner	əʊnə
owners	əʊnəz
ownership	əʊnəʃɪp
oxford	ɑːksfəd
oz	ɑːz
p	piː
pa	pɑː
pacific	pəsɪfɪk
pack	pæk
package	pækədʒ
packages	pækədʒəz
packaging	pækɪdʒɪŋ
packard	pækəd
packet	pækət
pad	pæd
page	peɪdʒ
pages	peɪdʒəz
paid	peɪd
pain	peɪn
paint	peɪnt
painting	peɪntɪŋ
pair	pɛ
pakistan	pækɪstæn
palace	pæləs
palm	pɑːm
pan	pæn
panasonic	pænəsɑːnɪk
panel	pænəl
pants	pænts
paper	peɪpə
paperback	peɪpəbæk
papers	peɪpəz
par	pɑː
para	pɛɹə
paradise	pɛɹədaɪs
paragraph	pæɹəɡɹæf
parallel	pɛɹəlɛl
parameter	pəæmətə
parameters	pəæmətəz
parent	pɛɹənt
parents	pɛɹənts
paris	pɛɹɪs
park	pɑːk
parking	pɑːkɪŋ
parks	pɑːks
parliament	pɑːləmənt
part	pɑːt
partial	pɑːʃəl
participants	pɑːtɪsəpənts
participate	pɑːtɪsəpeɪt
participating	pɑːtɪsəpeɪtɪŋ
participation	pɑːtɪsəpeɪʃən
particular	pətɪkjələ
particularly	pɑːtɪkjələliː
parties	pɑːtiːz
partly	pɑːtliː
partner	pɑːtnə
partners	pɑːtnəz
partnership	pɑːtnəʃɪp
parts	pɑːts
party	pɑːtiː
pass	pæs
passed	pæst
passenger	pæsəndʒə
passing	pæsɪŋ
passion	pæʃən
password	pæswɜːd
past	pæst
pat	pæt
patch	pætʃ
patches	pætʃəz
patent	pætənt
path	pæθ
patient	peɪʃənt
patients	peɪʃənts
patrick	pætɹɪk
pattern	pætən
patterns	pætənz
paul	pɔːl
pay	peɪ
payday	peɪdeɪ
paying	peɪɪŋ
payment	peɪmənt
payments	peɪmənts
paypal	peɪpʌl
pc	piːsiː
pcs	piːsiːz
pdf	piːdiːɛf
peace	piːs
peak	piːk
pearl	pɜːl
pee	piː
peer	pɪ
pen	pɛn
penalty	pɛnəltiː
penis	piːnɪs
pennsylvania	pɛnsəlveɪnjə
pension	pɛnʃən
people	piːpəl
per	pɜː
percent	pəsɛnt
percentage	pəsɛntədʒ
perfect	pəfɛkt
perform	pəfɔːm
performance	pəfɔːməns
performed	pəfɔːmd
performing	pəfɔːmɪŋ
perhaps	pəhæps
period	pɪɹiːəd
periods	pɪɹiːədz
perl	pɜːl
permanent	pɜːmənənt
permission	pəmɪʃən
permit	pəmɪt
permitted	pəmɪtɪd
person	pɜːsən
personal	pɜːsɪnəl
personally	pɜːsənəliː
personals	pɜːsɪnɪlz
personnel	pɜːsənɛl
persons	pɜːsənz
perspective	pəspɛktɪv
pet	pɛt
peter	piːtə
pets	pɛts
ph	piːeɪtʃ
pharmacy	fɑːməsiː
phase	feɪz
phil	fɪl
philadelphia	fɪlədɛlfiːə
philip	fɪləp
philippines	fɪləpiːnz
philips	fɪləps
philosophy	fəlɑːsəfiː
phoenix	fiːnɪks
phone	fəʊn
phones	fəʊnz
photo	fəʊtəʊ
photographs	fəʊtəɡɹæfs
photography	fətɑːɡɹəfiː
photos	fəʊtəʊz
php	piːeɪtʃpiː
phrase	fɹeɪz
physical	fɪzɪkəl
physician	fəzɪʃən
physicians	fəzɪʃənz
physics	fɪzɪks
piano	piːænəʊ
pic	pɪk
pick	pɪk
picks	pɪks
picture	pɪktʃə
pictures	pɪktʃəz
piece	piːs
pieces	piːsəz
pill	pɪl
pills	pɪlz
pilot	paɪlət
pin	pɪn
pine	paɪn
pink	pɪŋk
pioneer	paɪənɪ
pipe	paɪp
pipeline	paɪplaɪn
pittsburgh	pɪtsbəɡ
pizza	piːtsə
place	pleɪs
placed	pleɪst
placement	pleɪsmənt
places	pleɪsəz
plain	pleɪn
plan	plæn
plane	pleɪn
planet	plænət
planned	plænd
planning	plænɪŋ
plans	plænz
plant	plænt
plants	plænts
plasma	plæzmə
plastic	plæstɪk
plate	pleɪt
plates	pleɪts
platform	plætfɔːm
platforms	plætfɔːmz
platinum	plætnəm
play	pleɪ
played	pleɪd
player	pleɪə
players	pleɪəz
playing	pleɪɪŋ
plays	pleɪz
playstation	pleɪsteɪʃən
plaza	plɑːzə
please	pliːz
pleased	pliːzd
pleasure	plɛʒə
plenty	plɛntiː
plot	plɑːt
plug	plʌɡ
plus	plʌs
pm	piːɛm
po	pəʊ
pocket	pɑːkət
poetry	pəʊətɹiː
point	pɔɪnt
points	pɔɪnts
poker	pəʊkə
poland	pəʊlənd
police	pəliːs
policies	pɑːləsiːz
policy	pɑːləsiː
polish	pɑːlɪʃ
political	pəlɪtəkəl
politics	pɑːlətɪks
poll	pəʊl
polls	pəʊlz
pollution	pəluːʃən
pool	puːl
poor	puː
pop	pɑːp
popular	pɑːpjələ
popularity	pɑːpjəlɛɹətiː
population	pɑːpjəleɪʃən
porn	pɔːn
porno	pɔːnəʊ
port	pɔːt
portable	pɔːtəbəl
portal	pɔːtəl
portfolio	pɔːtfəʊliːəʊ
portion	pɔːʃən
portions	pɔːʃənz
portland	pɔːtlənd
ports	pɔːts
portugal	pɔːtʃəɡəl
position	pəzɪʃən
positions	pəzɪʃənz
positive	pɑːzətɪv
possibility	pɑːsəbɪlətiː
possible	pɑːsəbəl
possibly	pɑːsəbliː
post	pəʊst
postage	pəʊstədʒ
postal	pəʊstəl
posted	pəʊstɪd
poster	pəʊstə
posters	pəʊstəz
posting	pəʊstɪŋ
posts	pəʊsts
pot	pɑːt
potential	pətɛnʃəl
potter	pɑːtə
pottery	pɑːtəiː
pound	paʊnd
pounds	paʊndz
pour	pɔː
poverty	pɑːvətiː
power	paʊə
powered	paʊəd
powerful	paʊəfəl
powers	paʊəz
pr	piːɑː
practical	pɹæktəkəl
practice	pɹæktəs
practices	pɹæktəsəz
prayer	pɹɛ
pre	pɹiː
precision	pɹiːsɪʒən
prefer	pɹəfɜː
preferences	pɹɛfəənsɪz
preferred	pɹəfɜːd
pregnancy	pɹɛɡnənsiː
pregnant	pɹɛɡnənt
preliminary	pɹɪlɪmənɛɹiː
premier	pɹɛmɪ
premium	pɹiːmiːəm
preparation	pɹɛpəeɪʃən
prepare	pɹiːpɛ
prepared	pɹiːpɛd
prescription	pɹəskɹɪpʃən
presence	pɹɛzəns
present	pɹɛzənt
presentation	pɹɛzənteɪʃən
presentations	pɹɛzənteɪʃənz
presented	pɹiːzɛntɪd
presents	pɹɛzənts
president	pɹɛzədɛnt
press	pɹɛs
pressure	pɹɛʃə
pretty	pɹɪtiː
prevent	pɹɪvɛnt
prevention	pɹiːvɛnʃən
preview	pɹiːvjuː
previous	pɹiːviːəs
previously	pɹiːviːəsliː
price	pɹaɪs
priced	pɹaɪst
prices	pɹaɪsəz
pricing	pɹaɪsɪŋ
pride	pɹaɪd
primarily	pɹaɪmɛɹəliː
primary	pɹaɪmɛɹiː
prime	pɹaɪm
prince	pɹɪns
princess	pɹɪnsɛs
principal	pɹɪnsəpəl
principle	pɹɪnsəpəl
principles	pɹɪnsəpəlz
print	pɹɪnt
printable	pɹɪntəbəl
printed	pɹɪntɪd
printer	pɹɪntə
printers	pɹɪntəz
printing	pɹɪntɪŋ
prints	pɹɪnts
prior	pɹaɪə
priority	pɹaɪɔːɹətiː
prison	pɹɪzən
privacy	pɹaɪvəsiː
private	pɹaɪvət
prize	pɹaɪz
pro	pɹəʊ
probability	pɹɑːbəbɪlətiː
probably	pɹɑːbəbliː
problem	pɹɑːbləm
problems	pɹɑːbləmz
procedure	pɹəsiːdʒə
procedures	pɹəsiːdʒəz
proceedings	pɹəʊsiːdɪŋz
process	pɹɑːsɛs
processed	pɹɑːsɛst
processes	pɹɑːsɛsəz
processing	pɹɑːsɛsɪŋ
processor	pɹɑːsɛsə
produce	pɹəduːs
produced	pɹəduːst
producer	pɹəduːsə
producing	pɹəduːsɪŋ
product	pɹɑːdəkt
production	pɹədʌkʃən
productions	pɹədʌkʃənz
productivity	pɹəʊdəktɪvətiː
products	pɹɑːdəkts
professional	pɹəfɛʃənəl
professionals	pɹəfɛʃənəlz
professor	pɹəfɛsə
profile	pɹəʊfaɪl
profiles	pɹəʊfaɪlz
profit	pɹɑːfət
profits	pɹɑːfɪts
program	pɹəʊɡɹæm
programme	pɹəʊɡɹæm
programming	pɹəʊɡɹæmɪŋ
programs	pɹəʊɡɹæmz
progress	pɹɑːɡɹɛs
progressive	pɹəɡɹɛsɪv
prohibited	pɹəʊhɪbətəd
project	pɹɑːdʒɛkt
projects	pɹɑːdʒɛkts
promise	pɹɑːməs
promote	pɹəməʊt
promoting	pɹəməʊtɪŋ
promotion	pɹəməʊʃən
promotional	pɹəməʊʃənəl
promotions	pɹəməʊʃənz
proof	pɹuːf
proper	pɹɑːpə
properly	pɹɑːpəliː
properties	pɹɑːpətiːz
property	pɹɑːpətiː
proposal	pɹəpəʊzəl
proposals	pɹəpəʊzəlz
proposed	pɹəpəʊzd
protect	pɹətɛkt
protected	pɹətɛktɪd
protection	pɹətɛkʃən
protein	pɹəʊtiːn
proteins	pɹəʊtiːnz
protocol	pɹəʊtəkɑːl
proud	pɹaʊd
prove	pɹuːv
proven	pɹuːvən
provide	pɹəvaɪd
provided	pɹəvaɪdɪd
provider	pɹəvaɪdə
providers	pɹəvaɪdəz
provides	pɹəvaɪdz
providing	pɹəvaɪdɪŋ
province	pɹɑːvəns
provision	pɹəvɪʒən
provisions	pɹəvɪʒənz
psychology	saɪkɑːlədʒiː
pub	pʌb
public	pʌblɪk
publication	pʌblɪkeɪʃən
publications	pʌblɪkeɪʃənz
publish	pʌblɪʃ
published	pʌblɪʃt
publisher	pʌblɪʃə
publishers	pʌblɪʃəz
publishing	pʌblɪʃɪŋ
puerto	pwɛtəʊ
pull	pʊl
pulse	pʌls
pump	pʌmp
pupils	pjuːpəlz
purchase	pɜːtʃəs
purchased	pɜːtʃəst
purchases	pɜːtʃəsəz
purchasing	pɜːtʃəsɪŋ
pure	pjʊ
purple	pɜːpəl
purpose	pɜːpəs
purposes	pɜːpəsəz
pursuant	pəsuːənt
push	pʊʃ
pussy	pʊsiː
put	pʊt
putting	pʌtɪŋ
puzzle	pʌzəl
python	paɪθɑːn
q	kjuː
qualified	kwɑːləfaɪd
quality	kwɑːlətiː
quantity	kwɑːntətiː
quarter	kwɔːtə
quarterly	kwɔːtəliː
que	kjuː
quebec	kwəbɛk
queen	kwiːn
queries	kwɪɹiːz
query	kwiːɹiː
quest	kwɛst
question	kwɛstʃən
questions	kwɛstʃənz
quick	kwɪk
quickly	kwɪkliː
quiet	kwaɪət
quite	kwaɪt
quote	kwəʊt
quotes	kwəʊts
r	ɑː
ra	ɹɑː
race	ɹeɪs
racing	ɹeɪsɪŋ
rack	ɹæk
radar	ɹeɪdɑː
radiation	ɹeɪdiːeɪʃən
radio	ɹeɪdiːəʊ
rail	ɹeɪl
rain	ɹeɪn
raise	ɹeɪz
raised	ɹeɪzd
raising	ɹeɪzɪŋ
ram	ɹæm
ran	ɹæn
random	ɹændəm
range	ɹeɪndʒ
rank	ɹæŋk
ranking	ɹæŋkɪŋ
rape	ɹeɪp
rapid	ɹæpəd
rare	ɹɛ
rate	ɹeɪt
rated	ɹeɪtɪd
rates	ɹeɪts
rather	ɹæðə
rating	ɹeɪtɪŋ
ratings	ɹeɪtɪŋz
ratio	ɹeɪʃiːəʊ
raw	ɹɑː
ray	ɹeɪ
re	ɹeɪ
reach	ɹiːtʃ
reached	ɹiːtʃt
reaction	ɹiːækʃən
read	ɹɛd
reader	ɹiːdə
readers	ɹiːdəz
reading	ɹiːdɪŋ
reads	ɹiːdz
ready	ɹɛdiː
real	ɹiːl
reality	ɹiːælətiː
realize	ɹiːəlaɪz
really	ɹɪliː
rear	ɹɪ
reason	ɹiːzən
reasonable	ɹiːzənəbəl
reasons	ɹiːzənz
receipt	ɹɪsiːt
receive	ɹəsiːv
received	ɹəsiːvd
receiver	ɹəsiːvə
receiving	ɹəsiːvɪŋ
recent	ɹiːsənt
recently	ɹiːsəntliː
reception	ɹɪsɛpʃən
recipe	ɹɛsəpiː
recipes	ɹɛsəpiːz
recognition	ɹɛkəɡnɪʃən
recognize	ɹɛkəɡnaɪz
recognized	ɹɛkəɡnaɪzd
recommend	ɹɛkəmɛnd
recommendation	ɹɛkəməndeɪʃən
recommendations	ɹɛkəməndeɪʃənz
recommended	ɹɛkəmɛndɪd
record	ɹəkɔːd
recorded	ɹəkɔːdɪd
recorder	ɹɪkɔːdə
recording	ɹəkɔːdɪŋ
records	ɹəkɔːdz
recovery	ɹɪkʌvɹiː
recreation	ɹɛkɹiːeɪʃən
recruitment	ɹəkɹuːtmənt
red	ɹɛd
reduce	ɹəduːs
reduced	ɹəduːst
reducing	ɹəduːsɪŋ
reduction	ɹədʌkʃən
ref	ɹɛf
refer	ɹəfɜː
reference	ɹɛfəəns
references	ɹɛfəənsɪz
referred	ɹəfɜːd
reflect	ɹɪflɛkt
reform	ɹəfɔːm
refund	ɹɪfʌnd
reg	ɹɛɡ
regard	ɹɪɡɑːd
regarding	ɹɪɡɑːdɪŋ
regardless	ɹəɡɑːdləs
regards	ɹɪɡɑːdz
region	ɹiːdʒən
regional	ɹiːdʒənəl
regions	ɹiːdʒənz
register	ɹɛdʒɪstə
registered	ɹɛdʒɪstəd
registration	ɹɛdʒɪstɹeɪʃən
registry	ɹɛdʒɪstɹiː
regular	ɹɛɡjələ
regularly	ɹɛɡjələliː
regulation	ɹɛɡjəleɪʃən
regulations	ɹɛɡjəleɪʃənz
regulatory	ɹɛɡjələtɔːɹiː
rehabilitation	ɹiːhəbɪləteɪʃən
related	ɹɪleɪtɪd
relating	ɹɪleɪtɪŋ
relation	ɹiːleɪʃən
relations	ɹiːleɪʃənz
relationship	ɹiːleɪʃənʃɪp
relationships	ɹiːleɪʃənʃɪps
relative	ɹɛlətɪv
relatively	ɹɛlətɪvliː
release	ɹiːliːs
released	ɹiːliːst
releases	ɹɪliːsɪz
relevant	ɹɛləvənt
reliability	ɹiːlaɪəbɪlətiː
reliable	ɹɪlaɪəbəl
relief	ɹɪliːf
religion	ɹɪlɪdʒən
religious	ɹɪlɪdʒəs
remain	ɹɪmeɪn
remaining	ɹɪmeɪnɪŋ
remains	ɹɪmeɪnz
remember	ɹɪmɛmbə
remote	ɹɪməʊt
removal	ɹɪmuːvəl
remove	ɹiːmuːv
removed	ɹiːmuːvd
rent	ɹɛnt
rental	ɹɛntəl
rentals	ɹɛntəlz
rep	ɹɛp
repair	ɹɪpɛ
repeat	ɹɪpiːt
replace	ɹiːpleɪs
replaced	ɹiːpleɪst
replacement	ɹɪpleɪsmənt
replies	ɹɪplaɪz
reply	ɹɪplaɪ
report	ɹiːpɔːt
reported	ɹiːpɔːtɪd
reporter	ɹɪpɔːtə
reporting	ɹiːpɔːtɪŋ
reports	ɹɪpɔːts
represent	ɹɛpɹɪzɛnt
representation	ɹɛpɹəzɛnteɪʃən
representative	ɹɛpɹəzɛntətɪv
representatives	ɹɛpɹəzɛntətɪvz
represented	ɹɛpɹɪzɛntɪd
represents	ɹɛpɹɪzɛnts
reproduction	ɹiːpɹədʌkʃən
republic	ɹiːpʌblək
republican	ɹɪpʌblɪkən
request	ɹɪkwɛst
requested	ɹɪkwɛstɪd
requests	ɹɪkwɛsts
require	ɹiːkwaɪə
required	ɹiːkwaɪəd
requirement	ɹɪkwaɪmənt
requirements	ɹɪkwaɪmənts
requires	ɹiːkwaɪəz
res	ɹeɪz
rescue	ɹɛskjuː
research	ɹiːsɜːtʃ
researchers	ɹiːsətʃəz
reservation	ɹɛzəveɪʃən
reservations	ɹɛzəveɪʃənz
reserve	ɹɪzɜːv
reserved	ɹɪzɜːvd
reserves	ɹɪzɜːvz
residence	ɹɛzɪdəns
resident	ɹɛzɪdənt
residential	ɹɛzɪdɛnʃəl
residents	ɹɛzɪdənts
resistance	ɹɪzɪstəns
resolution	ɹɛzəluːʃən
resort	ɹɪzɔːt
resorts	ɹɪzɔːts
resource	ɹiːsɔːs
resources	ɹiːsɔːsɪz
respect	ɹɪspɛkt
respective	ɹɪspɛktɪv
respectively	ɹɪspɛktɪvliː
respond	ɹɪspɑːnd
response	ɹɪspɑːns
responses	ɹɪspɑːnsɪz
responsibilities	ɹiːspɑːnsəbɪlətiːz
responsibility	ɹiːspɑːnsəbɪlətiː
responsible	ɹiːspɑːnsəbəl
rest	ɹɛst
restaurant	ɹɛstəɑːnt
restaurants	ɹɛstəɑːnts
restricted	ɹiːstɹɪktəd
restrictions	ɹiːstɹɪkʃənz
result	ɹɪzʌlt
resulting	ɹɪzʌltɪŋ
results	ɹɪzʌlts
resume	ɹɪzuːm
retail	ɹiːteɪl
retirement	ɹiːtaɪəmənt
return	ɹɪtɜːn
returned	ɹɪtɜːnd
returns	ɹɪtɜːnz
revealed	ɹɪviːld
revenue	ɹɛvənuː
revenues	ɹɛvənuːz
reverse	ɹɪvɜːs
review	ɹiːvjuː
reviewed	ɹiːvjuːd
reviewer	ɹiːvjuːə
reviews	ɹiːvjuːz
revised	ɹɪvaɪzd
revision	ɹiːvɪʒən
revolution	ɹɛvəluːʃən
rhode	ɹəʊd
rice	ɹaɪs
rich	ɹɪtʃ
richard	ɹɪtʃəd
richmond	ɹɪtʃmənd
rick	ɹɪk
rico	ɹiːkəʊ
ride	ɹaɪd
ridge	ɹɪdʒ
riding	ɹaɪdɪŋ
right	ɹaɪt
rights	ɹaɪts
ring	ɹɪŋ
rings	ɹɪŋz
rise	ɹaɪz
rising	ɹaɪzɪŋ
risk	ɹɪsk
risks	ɹɪsks
river	ɹɪvə
road	ɹəʊd
roads	ɹəʊdz
rob	ɹɑːb
robert	ɹɑːbət
roberts	ɹɑːbəts
rock	ɹɑːk
rod	ɹɑːd
roger	ɹɑːdʒə
role	ɹəʊl
roles	ɹəʊlz
roll	ɹəʊl
rolling	ɹəʊlɪŋ
rom	ɹɑːm
roman	ɹəʊmən
romance	ɹəʊmæns
romantic	ɹəʊmæntɪk
rome	ɹəʊm
ron	ɹɑːn
roof	ɹuːf
room	ɹuːm
rooms	ɹuːmz
root	ɹuːt
rose	ɹəʊz
roses	ɹəʊzɪz
ross	ɹɑːs
round	ɹaʊnd
route	ɹuːt
router	ɹuːtə
row	ɹəʊ
royal	ɹɔɪəl
rpm	ɑːpiːɛm
rubber	ɹʌbə
rugby	ɹʌɡbiː
rule	ɹuːl
rules	ɹuːlz
run	ɹʌn
running	ɹʌnɪŋ
runs	ɹʌnz
rural	ɹʊɹəl
rush	ɹʌʃ
russell	ɹʌsəl
russia	ɹʌʃə
russian	ɹʌʃən
ryan	ɹaɪən
s	ɛs
sa	sɑː
sacramento	sækɹəmɛntəʊ
sad	sæd
safari	səfɑːɹiː
safe	seɪf
safety	seɪftiː
said	sɛd
saint	seɪnt
salary	sæləiː
sale	seɪl
sales	seɪlz
salt	sɔːlt
sam	sæm
same	seɪm
sample	sæmpəl
samples	sæmpəlz
samsung	sæmsʌŋ
samuel	sæmjuːl
san	sæn
sand	sænd
santa	sæntə
sarah	sɛɹə
sat	sæt
satellite	sætəlaɪt
satisfaction	sætəsfækʃən
satisfied	sætəsfaɪd
saturday	sætədiː
saudi	sɔːdiː
save	seɪv
saved	seɪvd
saving	seɪvɪŋ
savings	seɪvɪŋz
saw	sɔː
say	seɪ
saying	seɪɪŋ
says	sɛz
scale	skeɪl
scan	skæn
scene	siːn
scenes	siːnz
schedule	skɛdʒʊl
scheduled	skɛdʒʊld
schedules	skɛdʒʊlz
scheme	skiːm
scholarship	skɑːləʃɪp
school	skuːl
schools	skuːlz
sci	siː
science	saɪəns
sciences	saɪənsəz
scientific	saɪəntɪfɪk
scientists	saɪəntɪsts
scope	skəʊp
score	skɔː
scores	skɔːz
scotland	skɑːtlənd
scott	skɑːt
scottish	skɑːtɪʃ
screen	skɹiːn
screening	skɹiːnɪŋ
script	skɹɪpt
scripts	skɹɪpts
se	seɪ
sea	siː
seal	siːl
sealed	siːld
sean	ʃɔːn
search	sɜːtʃ
searches	sɜːtʃɪz
searching	sɜːtʃɪŋ
season	siːzən
seat	siːt
seats	siːts
seattle	siːætəl
sec	sɛk
second	sɛkənd
secondary	sɛkəndɛɹiː
seconds	sɛkəndz
secret	siːkɹət
secretary	sɛkɹətɛɹiː
secrets	siːkɹəts
section	sɛkʃən
sections	sɛkʃənz
sector	sɛktə
sectors	sɛktəz
secure	sɪkjʊ
securities	sɪkjʊɹətiːz
security	sɪkjʊɹətiː
see	siː
seed	siːd
seeing	siːɪŋ
seek	siːk
seeker	siːkə
seeking	siːkɪŋ
seem	siːm
seemed	siːmd
seems	siːmz
seen	siːn
segment	sɛɡmənt
select	səlɛkt
selected	səlɛktɪd
selection	səlɛkʃən
self	sɛlf
sell	sɛl
seller	sɛlə
sellers	sɛləz
selling	sɛlɪŋ
semester	səmɛstə
semi	sɛmiː
seminar	sɛmənɑː
seminars	sɛmənɑːz
senate	sɛnət
senator	sɛnətə
send	sɛnd
sending	sɛndɪŋ
senior	siːnjə
sense	sɛns
sensitive	sɛnsətɪv
sensor	sɛnsə
sent	sɛnt
sentence	sɛntəns
sep	sɛp
separate	sɛpəeɪt
september	sɛptɛmbə
sequence	siːkwəns
serial	sɪɹiːəl
series	sɪɹiːz
serious	sɪɹiːəs
seriously	sɪɹiːəsliː
serve	sɜːv
served	sɜːvd
server	sɜːvə
servers	sɜːvəz
serves	sɜːvz
service	sɜːvəs
services	sɜːvəsəz
serving	sɜːvɪŋ
session	sɛʃən
sessions	sɛʃənz
set	sɛt
sets	sɛts
setting	sɛtɪŋ
settings	sɛtɪŋz
settlement	sɛtəlmənt
setup	sɛtʌp
seven	sɛvən
several	sɛvɹəl
severe	səvɪ
sex	sɛks
sexual	sɛkʃuːəl
sexy	sɛksiː
shadow	ʃædəʊ
shall	ʃæl
shape	ʃeɪp
share	ʃɛ
shared	ʃɛd
shares	ʃɛz
shareware	ʃɛwɛ
sharing	ʃɛɹɪŋ
sharp	ʃɑːp
shaved	ʃeɪvd
she	ʃiː
sheet	ʃiːt
sheets	ʃiːts
shell	ʃɛl
shift	ʃɪft
ship	ʃɪp
shipped	ʃɪpt
shipping	ʃɪpɪŋ
ships	ʃɪps
shirt	ʃɜːt
shirts	ʃɜːts
shit	ʃɪt
shock	ʃɑːk
shoe	ʃuː
shoes	ʃuːz
shoot	ʃuːt
shooting	ʃuːtɪŋ
shop	ʃɑːp
shopper	ʃɑːpə
shoppers	ʃɑːpəz
shopping	ʃɑːpɪŋ
shops	ʃɑːps
short	ʃɔːt
shorts	ʃɔːts
shot	ʃɑːt
shots	ʃɑːts
should	ʃʊd
show	ʃəʊ
showed	ʃəʊd
shower	ʃaʊə
showing	ʃəʊɪŋ
shown	ʃəʊn
shows	ʃəʊz
si	siː
sick	sɪk
side	saɪd
sides	saɪdz
siemens	siːmənz
sierra	siːɛɹə
sight	saɪt
sign	saɪn
signal	sɪɡnəl
signals	sɪɡnəlz
signature	sɪɡnətʃə
signed	saɪnd
significant	səɡnɪfɪkənt
significantly	sɪɡnɪfɪkəntliː
signs	saɪnz
silent	saɪlənt
silk	sɪlk
silver	sɪlvə
similar	sɪmələ
simon	saɪmən
simple	sɪmpəl
simply	sɪmpliː
simpson	sɪmpsən
simulation	sɪmjəleɪʃən
sin	sɪn
since	sɪns
singapore	sɪŋəpɔː
single	sɪŋɡəl
singles	sɪŋɡəlz
sir	sɜː
sister	sɪstə
sit	sɪt
site	saɪt
sites	saɪts
sitting	sɪtɪŋ
situation	sɪtʃuːeɪʃən
situations	sɪtʃuːeɪʃənz
six	sɪks
size	saɪz
sized	saɪzd
sizes	saɪzəz
ski	skiː
skill	skɪl
skills	skɪlz
skin	skɪn
skip	skɪp
sky	skaɪ
sleep	sliːp
slide	slaɪd
slightly	slaɪtliː
slip	slɪp
slot	slɑːt
slow	sləʊ
slowly	sləʊliː
small	smɔːl
smaller	smɔːlə
smart	smɑːt
smile	smaɪl
smith	smɪθ
smoke	sməʊk
smoking	sməʊkɪŋ
smooth	smuːð
sms	ɛsɛmɛs
snow	snəʊ
so	səʊ
soccer	sɑːkə
social	səʊʃəl
society	səsaɪətiː
socket	sɑːkət
soft	sɑːft
software	sɔːftwɛ
soil	sɔɪl
solar	səʊlə
sold	səʊld
soldiers	səʊldʒəz
sole	səʊl
solid	sɑːləd
solo	səʊləʊ
solution	səluːʃən
solutions	səluːʃənz
solve	sɑːlv
some	sʌm
someone	sʌmwʌn
something	sʌmθɪŋ
sometimes	səmtaɪmz
somewhat	sʌmwʌt
somewhere	sʌmwɛ
son	sʌn
song	sɔːŋ
songs	sɔːŋz
sons	sʌnz
sony	səʊniː
soon	suːn
sorry	sɑːɹiː
sort	sɔːt
sorted	sɔːtɪd
soul	səʊl
sound	saʊnd
sounds	saʊndz
source	sɔːs
sources	sɔːsəz
south	saʊθ
southern	sʌðən
southwest	saʊθwɛst
spa	spɑː
space	speɪs
spaces	speɪsəz
spain	speɪn
spam	spæm
spanish	spænɪʃ
spanking	spæŋkɪŋ
speak	spiːk
speaker	spiːkə
speakers	spiːkəz
speaking	spiːkɪŋ
special	spɛʃəl
specialist	spɛʃələst
specialists	spɛʃələsts
specials	spɛʃəlz
specialty	spɛʃəltiː
species	spiːʃiːz
specific	spəsɪfɪk
specifically	spəsɪfɪkliː
specification	spɛsɪfɪkeɪʃən
specifications	spɛsəfəkeɪʃənz
specified	spɛsəfaɪd
specify	spɛsəfaɪ
specs	spɛks
spectrum	spɛktɹəm
speech	spiːtʃ
speed	spiːd
spend	spɛnd
spending	spɛndɪŋ
spent	spɛnt
spirit	spɪɹət
spiritual	spɪɹɪtʃuːəl
split	splɪt
sponsor	spɑːnsə
sponsored	spɑːnsəd
sponsors	spɑːnsəz
sport	spɔːt
sporting	spɔːtɪŋ
sports	spɔːts
spot	spɑːt
spray	spɹeɪ
spread	spɹɛd
spring	spɹɪŋ
springs	spɹɪŋz
spy	spaɪ
spyware	spaɪwɛ
sql	ɛskjuːɛl
square	skwɛ
sr	siːnjə
sri	ʃɹiː
ss	ɛsɛs
st	stɹiːt
stability	stəbɪlɪtiː
stable	steɪbəl
staff	stæf
stage	steɪdʒ
stainless	steɪnləs
stamps	stæmps
stand	stænd
standard	stændəd
standards	stændədz
standing	stændɪŋ
stands	stændz
star	stɑː
stars	stɑːz
start	stɑːt
started	stɑːtɪd
starting	stɑːtɪŋ
starts	stɑːts
state	steɪt
stated	steɪtɪd
statement	steɪtmənt
statements	steɪtmənts
states	steɪts
static	stætɪk
station	steɪʃən
stations	steɪʃənz
statistical	stətɪstɪkəl
statistics	stətɪstɪks
stats	stæts
status	stætəs
stay	steɪ
steel	stiːl
step	stɛp
stephen	stiːvən
steps	stɛps
stereo	stɛɹiːəʊ
sterling	stɜːlɪŋ
steve	stiːv
steven	stiːvən
stewart	stuːət
stick	stɪk
still	stɪl
stock	stɑːk
stocks	stɑːks
stone	stəʊn
stop	stɑːp
stopped	stɑːpt
storage	stɔːɹədʒ
store	stɔː
stored	stɔːd
stores	stɔːz
stories	stɔːɹiːz
storm	stɔːm
story	stɔːɹiː
straight	stɹeɪt
strange	stɹeɪndʒ
strategic	stɹətiːdʒɪk
strategies	stɹætədʒiːz
strategy	stɹætədʒiː
stream	stɹiːm
street	stɹiːt
streets	stɹiːts
strength	stɹɛŋkθ
stress	stɹɛs
strike	stɹaɪk
string	stɹɪŋ
strip	stɹɪp
strong	stɹɔːŋ
strongly	stɹɔːŋliː
structural	stɹʌktʃəəl
structure	stɹʌktʃə
structures	stɹʌktʃəz
student	stuːdənt
students	stuːdənts
studied	stʌdiːd
studies	stʌdiːz
studio	stuːdiːəʊ
studios	stuːdiːəʊz
study	stʌdiː
stuff	stʌf
stupid	stuːpəd
style	staɪl
styles	staɪlz
su	suː
sub	sʌb
subject	səbdʒɛkt
subjects	sʌbdʒɪkts
sublime	səblaɪm
submission	səbmɪʃən
submit	səbmɪt
submitted	səbmɪtɪd
subscribe	səbskɹaɪb
subscription	səbskɹɪpʃən
subscriptions	səbskɹɪpʃənz
subsection	sʌbsɛkʃən
subsequent	sʌbsəkwənt
substance	sʌbstəns
substances	sʌbstənsəz
substantial	səbstænʃəl
success	səksɛs
successful	səksɛsfəl
successfully	səksɛsfəliː
such	sʌtʃ
suck	sʌk
sufficient	səfɪʃənt
sugar	ʃʊɡə
suggest	sədʒɛst
suggested	sədʒɛstɪd
suggestions	sədʒɛstʃənz
suggests	sədʒɛsts
suit	suːt
suitable	suːtəbəl
suite	swiːt
suites	swiːts
sum	sʌm
summary	sʌməiː
summer	sʌmə
summit	sʌmət
sun	sʌn
sunday	sʌndeɪ
super	suːpə
superior	suːpɪɹiːə
supplement	sʌpləmənt
supplements	sʌpləmənts
supplied	səplaɪd
supplier	səplaɪə
suppliers	səplaɪəz
supplies	səplaɪz
supply	səplaɪ
support	səpɔːt
supported	səpɔːtɪd
supporting	səpɔːtɪŋ
supports	səpɔːts
supposed	səpəʊzd
supreme	səpɹiːm
sure	ʃʊ
surface	sɜːfəs
surgery	sɜːdʒəiː
surprise	səpɹaɪz
surrounding	səaʊndɪŋ
survey	səveɪ
surveys	səveɪz
survival	səvaɪvəl
susan	suːzən
suspension	səspɛnʃən
sustainable	səsteɪnəbəl
sweden	swiːdən
sweet	swiːt
swimming	swɪmɪŋ
swing	swɪŋ
swiss	swɪs
switch	swɪtʃ
switzerland	swɪtsələnd
sydney	sɪdniː
symbol	sɪmbəl
symbols	sɪmbəlz
symptoms	sɪmptəmz
syndrome	sɪndɹəʊm
syntax	sɪntæks
system	sɪstəm
systems	sɪstəmz
t	tiː
ta	tɑː
tab	tæb
table	teɪbəl
tables	teɪbəlz
tabs	tæbz
tag	tæɡ
tags	tæɡz
taiwan	taɪwɑːn
take	teɪk
taken	teɪkən
takes	teɪks
taking	teɪkɪŋ
talent	tælənt
talk	tɔːk
talking	tɔːkɪŋ
talks	tɔːks
tall	tɔːl
tampa	tæmpə
tank	tæŋk
tape	teɪp
target	tɑːɡət
targets	tɑːɡəts
task	tæsk
tasks	tæsks
taste	teɪst
taught	tɔːt
tax	tæks
taxes	tæksəz
taylor	teɪlə
te	tiː
tea	tiː
teach	tiːtʃ
teacher	tiːtʃə
teachers	tiːtʃəz
teaching	tiːtʃɪŋ
team	tiːm
teams	tiːmz
tech	tɛk
technical	tɛknɪkəl
technique	tɛkniːk
techniques	tɛkniːks
technologies	tɛknɑːlədʒiːz
technology	tɛknɑːlədʒiː
teen	tiːn
teens	tiːnz
tel	tɛl
telecom	tɛləkɑːm
telecommunications	tɛləkəmjuːnəkeɪʃənz
telephone	tɛləfəʊn
television	tɛləvɪʒən
tell	tɛl
telling	tɛlɪŋ
tells	tɛlz
temperature	tɛmpɹətʃə
template	tɛmplət
templates	tɛmpləts
temple	tɛmpəl
temporary	tɛmpəɛɹiː
ten	tɛn
tend	tɛnd
tennessee	tɛnəsiː
tennis	tɛnəs
term	tɜːm
terminal	tɜːmənəl
terms	tɜːmz
territory	tɛɹɪtɔːɹiː
terrorism	tɛɹəɪzəm
terry	tɛɹiː
test	tɛst
tested	tɛstɪd
testimonials	tɛstəməʊniːəlz
testing	tɛstɪŋ
tests	tɛsts
texas	tɛksəs
text	tɛkst
textbooks	tɛkstbʊks
th	tiːeɪtʃ
thai	taɪ
thailand	taɪlænd
than	ðæn
thank	θæŋk
thanks	θæŋks
that	ðæt
the	ðə
theater	θiːətə
theatre	θiːətə
theft	θɛft
their	ðɛ
them	ðɛm
theme	θiːm
themes	θiːmz
themselves	ðɛmsɛlvz
then	ðɛn
theory	θɪɹiː
therapy	θɛɹəpiː
there	ðɛ
therefore	ðɛfɔː
thermal	θɜːməl
these	ðiːz
they	ðeɪ
thick	θɪk
thin	θɪn
thing	θɪŋ
things	θɪŋz
think	θɪŋk
thinking	θɪŋkɪŋ
third	θɜːd
this	ðɪs
thomas	tɑːməs
thompson	tɑːmpsən
those	ðəʊz
though	ðəʊ
thought	θɔːt
thoughts	θɔːts
thousand	θaʊzənd
thousands	θaʊzəndz
thread	θɹɛd
threads	θɹɛdz
threat	θɹɛt
three	θɹiː
throat	θɹəʊt
through	θɹuː
throughout	θɹuːaʊt
throw	θɹəʊ
thumbnail	θʌmneɪl
thursday	θɜːzdeɪ
thus	ðʌs
ticket	tɪkət
tickets	tɪkəts
tie	taɪ
tiffany	tɪfəniː
tiger	taɪɡə
tight	taɪt
till	tɪl
tim	tɪm
time	taɪm
times	taɪmz
tiny	taɪniː
tip	tɪp
tips	tɪps
tissue	tɪsjuː
title	taɪtəl
titles	taɪtəlz
tits	tɪts
to	tuː
tobacco	təbækəʊ
today	tədeɪ
toe	təʊ
together	təɡɛðə
tokyo	təʊkiːəʊ
told	təʊld
toll	təʊl
tom	tɑːm
tomorrow	təmɑːɹəʊ
tone	təʊn
tones	təʊnz
tonight	tənaɪt
tony	təʊniː
too	tuː
took	tʊk
tool	tuːl
tools	tuːlz
top	tɑːp
topic	tɑːpɪk
topics	tɑːpɪks
toronto	təɑːntəʊ
toshiba	təʊʃiːbə
total	təʊtəl
totally	təʊtəliː
touch	tʌtʃ
tough	tʌf
tour	tʊ
tourism	tʊɹɪzəm
tourist	tʊɹəst
tournament	tʊnəmənt
tours	tʊz
toward	təwɔːd
towards	təwɔːdz
tower	taʊə
town	taʊn
towns	taʊnz
toy	tɔɪ
toyota	təʊjəʊtə
toys	tɔɪz
track	tɹæk
tracking	tɹækɪŋ
tracks	tɹæks
trade	tɹeɪd
trademark	tɹeɪdmɑːk
trademarks	tɹeɪdmɑːks
trading	tɹeɪdɪŋ
tradition	tɹədɪʃən
traditional	tɹədɪʃənəl
traffic	tɹæfɪk
trail	tɹeɪl
trailer	tɹeɪlə
trailers	tɹeɪləz
train	tɹeɪn
trained	tɹeɪnd
training	tɹeɪnɪŋ
trans	tɹænz
transaction	tɹænzækʃən
transactions	tɹænzækʃənz
transfer	tɹænsfɜː
transit	tɹænzɪt
transition	tɹænzɪʃən
translation	tɹænzleɪʃən
transmission	tɹænsmɪʃən
transport	tɹænspɔːt
transportation	tɹænspəteɪʃən
travel	tɹævəl
traveler	tɹævələ
treat	tɹiːt
treated	tɹiːtɪd
treatment	tɹiːtmənt
tree	tɹiː
trees	tɹiːz
trend	tɹɛnd
trends	tɹɛndz
trial	tɹaɪəl
trials	tɹaɪəlz
tried	tɹaɪd
trip	tɹɪp
trips	tɹɪps
troops	tɹuːps
tropical	tɹɑːpɪkəl
trouble	tɹʌbəl
truck	tɹʌk
trucks	tɹʌks
true	tɹuː
truly	tɹuːliː
trust	tɹʌst
trusted	tɹʌstɪd
truth	tɹuːθ
try	tɹaɪ
trying	tɹaɪɪŋ
tube	tuːb
tue	tuː
tuesday	tuːzdiː
turkey	tɜːkiː
turn	tɜːn
turned	tɜːnd
turning	tɜːnɪŋ
turns	tɜːnz
tutorial	tuːtɔːɹiːəl
tutorials	tuːtɔːɹiːəlz
tv	tiːviː
tvs	tiːviːz
twenty	twɛntiː
twice	twaɪs
twin	twɪn
two	tuː
type	taɪp
types	taɪps
typical	tɪpəkəl
typically	tɪpɪkliː
u	juː
uk	juːkeɪ
ukraine	juːkɹeɪn
ultimate	ʌltəmət
ultra	ʌltɹə
un	ʌn
unable	əneɪbəl
und	ʌnd
under	ʌndə
undergraduate	ʌndəɡɹædʒəwət
underground	ʌndəɡɹaʊnd
understand	ʌndəstænd
understanding	ʌndəstændɪŋ
unfortunately	ənfɔːtʃənətliː
uniform	juːnəfɔːm
union	juːnjən
unique	juːniːk
unit	juːnət
united	juːnaɪtɪd
units	juːnəts
universal	juːnəvɜːsəl
universe	juːnəvɜːs
universities	juːnəvɜːsətiːz
university	juːnəvɜːsətiː
unix	juːnɪks
unknown	ənnəʊn
unless	ənlɛs
unlike	ənlaɪk
unlimited	ənlɪmətɪd
unsubscribe	ənsəbskɹaɪb
until	əntɪl
up	ʌp
upcoming	ʌpkʌmɪŋ
update	əpdeɪt
updated	əpdeɪtɪd
updates	əpdeɪts
upgrade	əpɡɹeɪd
upload	ʌpləʊd
upon	əpɑːn
upper	ʌpə
ups	ʌps
urban	ɜːbən
url	juːɑːɹɛl
us	ʌs
usa	juːɛseɪ
usage	juːsədʒ
usb	juːɛsbiː
use	juːs
used	juːzd
useful	juːsfəl
user	juːzə
username	juːzəneɪm
users	juːzəz
uses	juːsəz
using	juːzɪŋ
usual	juːʒəwəl
usually	juːʒəwəliː
utah	juːtɔː
utilities	juːtɪlətiːz
utility	juːtɪlətiː
v	viː
vacation	veɪkeɪʃən
vacations	veɪkeɪʃənz
vacuum	vækjuːm
valentine	væləntaɪn
valid	vælɪd
valley	væliː
valuable	væljəbəl
value	væljuː
values	væljuːz
van	væn
vancouver	vænkuːvə
variable	vɛɹiːəbəl
variables	vɛɹiːəbəlz
variety	vəaɪətiː
various	vɛɹiːəs
vary	vɛɹiː
vat	væt
vector	vɛktə
vegas	veɪɡəs
vehicle	viːhɪkəl
vehicles	viːhɪkəlz
vendor	vɛndə
vendors	vɛndəz
venture	vɛntʃə
venue	vɛnjuː
verify	vɛɹəfaɪ
vermont	vəmɑːnt
version	vɜːʒən
versions	vɜːʒənz
versus	vɜːsəs
vertical	vɜːtɪkəl
very	vɛɹiː
vi	vaɪ
via	vaɪə
viagra	viːæɡɹə
vice	vaɪs
victims	vɪktəmz
victoria	vɪktɔːɹiːə
victory	vɪktəiː
video	vɪdiːəʊ
videos	vɪdiːəʊz
vietnam	viːɛtnɑːm
view	vjuː
viewed	vjuːd
viewing	vjuːɪŋ
views	vjuːz
villa	vɪlə
village	vɪlədʒ
vintage	vɪntɪdʒ
vinyl	vaɪnəl
violation	vaɪəleɪʃən
violence	vaɪələns
virgin	vɜːdʒɪn
virginia	vədʒɪnjə
virtual	vɜːtʃuːəl
virus	vaɪɹəs
visa	viːzə
visible	vɪzəbəl
vision	vɪʒən
visit	vɪzɪt
visited	vɪzɪtɪd
visiting	vɪzɪtɪŋ
visitor	vɪzɪtə
visitors	vɪzɪtəz
visits	vɪzɪts
vista	vɪstə
visual	vɪʒəwəl
vital	vaɪtəl
vitamin	vaɪtəmən
voice	vɔɪs
void	vɔɪd
voltage	vəʊltədʒ
volume	vɑːljuːm
volunteer	vɑːləntɪ
volunteers	vɑːləntɪz
von	vɔːn
vote	vəʊt
votes	vəʊts
voting	vəʊtɪŋ
voyeur	vɔɪjuː
vs	viːɛs
w	dʌbəljuː
wa	wɑː
wait	weɪt
waiting	weɪtɪŋ
wake	weɪk
wales	weɪlz
walk	wɔːk
walker	wɔːkə
walking	wɔːkɪŋ
wall	wɔːl
wallpaper	wɔːlpeɪpə
wallpapers	wɔːlpeɪpəz
walls	wɔːlz
want	wɑːnt
wanted	wɔːntɪd
wants	wɑːnts
war	wɔː
ward	wɔːd
warehouse	wɛhaʊs
warm	wɔːm
warning	wɔːnɪŋ
warranty	wɔːɹəntiː
warren	wɔːɹən
wars	wɔːz
was	wɑːz
washington	wɑːʃɪŋtən
waste	weɪst
watch	wɑːtʃ
watches	wɑːtʃəz
watching	wɑːtʃɪŋ
water	wɔːtə
waters	wɔːtəz
wave	weɪv
way	weɪ
wayne	weɪn
ways	weɪz
we	wiː
weak	wiːk
wealth	wɛlθ
weapons	wɛpənz
wear	wɛ
weather	wɛðə
web	wɛb
webmaster	wɛbmæstə
website	wɛbsaɪt
websites	wɛbsaɪts
wed	wɛd
wedding	wɛdɪŋ
wednesday	wɛnzdiː
week	wiːk
weekend	wiːkɛnd
weekly	wiːkliː
weeks	wiːks
weight	weɪt
welcome	wɛlkəm
welfare	wɛlfɛ
well	wɛl
wells	wɛlz
went	wɛnt
were	wɜː
west	wɛst
western	wɛstən
wet	wɛt
what	wʌt
whatever	wʌtɛvə
wheel	wiːl
wheels	wiːlz
when	wɛn
whenever	wɛnɛvə
where	wɛ
whereas	wɛɹæz
whether	wɛðə
which	wɪtʃ
while	waɪl
white	waɪt
who	huː
whole	həʊl
wholesale	həʊlseɪl
whom	huːm
whose	huːz
why	waɪ
wide	waɪd
widely	waɪdliː
width	wɪdθ
wife	waɪf
wiki	wɪkiː
wikipedia	wɪkiːpiːdiːə
wild	waɪld
wildlife	waɪldlaɪf
will	wɪl
william	wɪljəm
williams	wɪljəmz
willing	wɪlɪŋ
wilson	wɪlsən
win	wɪn
wind	waɪnd
window	wɪndəʊ
windows	wɪndəʊz
wine	waɪn
wing	wɪŋ
wings	wɪŋz
winner	wɪnə
winners	wɪnəz
winning	wɪnɪŋ
wins	wɪnz
winter	wɪntə
wire	waɪə
wireless	waɪlɪs
wisconsin	wɪskɑːnsən
wisdom	wɪzdəm
wise	waɪz
wish	wɪʃ
wishlist	wɪʃlɪst
with	wɪð
within	wɪðɪn
without	wɪθaʊt
wolf	wʊlf
woman	wʊmən
women	wɪmən
won	wʌn
wonder	wʌndə
wonderful	wʌndəfəl
wood	wʊd
wooden	wʊdən
woods	wʊdz
word	wɜːd
words	wɜːdz
work	wɜːk
worked	wɜːkt
worker	wɜːkə
workers	wɜːkəz
working	wɜːkɪŋ
workplace	wɜːkpleɪs
works	wɜːks
workshop	wɜːkʃɑːp
workshops	wɜːkʃɑːps
world	wɜːld
worldwide	wɜːldwaɪd
worry	wɜːiː
worse	wɜːs
worship	wɜːʃəp
worst	wɜːst
worth	wɜːθ
would	wʊd
wow	waʊ
wright	ɹaɪt
write	ɹaɪt
writer	ɹaɪtə
writers	ɹaɪtəz
writes	ɹaɪts
writing	ɹaɪtɪŋ
written	ɹɪtən
wrong	ɹɔːŋ
wrote	ɹəʊt
wyoming	waɪəʊmɪŋ
x	ɛks
xbox	ɛksbɑːks
xml	ɛksɛmɛl
y	waɪ
ya	jɑː
yahoo	jɑːhuː
yard	jɑːd
yards	jɑːdz
yeah	jæ
year	jɪ
years	jɪz
yellow	jɛləʊ
yes	jɛs
yesterday	jɛstədeɪ
yet	jɛt
yield	jiːld
yoga	jəʊɡə
york	jɔːk
you	juː
young	jʌŋ
your	jɔː
yours	jʊz
yourself	jəsɛlf
youth	juːθ
z	ziː
zealand	ziːlənd
zero	zɪɹəʊ
zip	zɪp
zone	zəʊn
zoom	zuːm
